-- MySQL dump 10.13  Distrib 8.0.45, for Win64 (x86_64)
--
-- Host: localhost    Database: lostfoundsystem
-- ------------------------------------------------------
-- Server version	8.0.45

/*!40101 SET @OLD_CHARACTER_SET_CLIENT=@@CHARACTER_SET_CLIENT */;
/*!40101 SET @OLD_CHARACTER_SET_RESULTS=@@CHARACTER_SET_RESULTS */;
/*!40101 SET @OLD_COLLATION_CONNECTION=@@COLLATION_CONNECTION */;
/*!50503 SET NAMES utf8mb4 */;
/*!40103 SET @OLD_TIME_ZONE=@@TIME_ZONE */;
/*!40103 SET TIME_ZONE='+00:00' */;
/*!40014 SET @OLD_UNIQUE_CHECKS=@@UNIQUE_CHECKS, UNIQUE_CHECKS=0 */;
/*!40014 SET @OLD_FOREIGN_KEY_CHECKS=@@FOREIGN_KEY_CHECKS, FOREIGN_KEY_CHECKS=0 */;
/*!40101 SET @OLD_SQL_MODE=@@SQL_MODE, SQL_MODE='NO_AUTO_VALUE_ON_ZERO' */;
/*!40111 SET @OLD_SQL_NOTES=@@SQL_NOTES, SQL_NOTES=0 */;

--
-- Table structure for table `addresses`
--

DROP TABLE IF EXISTS `addresses`;
/*!40101 SET @saved_cs_client     = @@character_set_client */;
/*!50503 SET character_set_client = utf8mb4 */;
CREATE TABLE `addresses` (
  `id` int NOT NULL AUTO_INCREMENT,
  `name` varchar(255) NOT NULL,
  `landmark` varchar(255) DEFAULT NULL,
  `address` varchar(255) NOT NULL,
  `government_id` int NOT NULL,
  `city_id` int NOT NULL,
  `postal_code` varchar(255) NOT NULL,
  `user_id` int NOT NULL,
  `created_at` datetime NOT NULL DEFAULT CURRENT_TIMESTAMP,
  `updated_at` datetime NOT NULL DEFAULT CURRENT_TIMESTAMP ON UPDATE CURRENT_TIMESTAMP,
  PRIMARY KEY (`id`),
  KEY `government_id` (`government_id`),
  KEY `city_id` (`city_id`),
  KEY `user_id` (`user_id`),
  CONSTRAINT `addresses_ibfk_1` FOREIGN KEY (`government_id`) REFERENCES `governments` (`id`) ON DELETE CASCADE,
  CONSTRAINT `addresses_ibfk_2` FOREIGN KEY (`city_id`) REFERENCES `cities` (`id`) ON DELETE CASCADE,
  CONSTRAINT `addresses_ibfk_3` FOREIGN KEY (`user_id`) REFERENCES `users` (`id`) ON DELETE CASCADE
) ENGINE=InnoDB AUTO_INCREMENT=62 DEFAULT CHARSET=utf8mb4 COLLATE=utf8mb4_0900_ai_ci;
/*!40101 SET character_set_client = @saved_cs_client */;

--
-- Dumping data for table `addresses`
--

LOCK TABLES `addresses` WRITE;
/*!40000 ALTER TABLE `addresses` DISABLE KEYS */;
INSERT INTO `addresses` VALUES (1,'Home',NULL,'12 Tahrir Street',1,1,'11511',1,'2026-04-29 13:14:35','2026-04-29 13:14:35'),(2,'Office',NULL,'45 Ramses Road',1,2,'11321',2,'2026-04-29 13:14:35','2026-04-29 13:14:35'),(3,'Home',NULL,'10 El Corniche',2,58,'21500',3,'2026-04-29 13:14:35','2026-04-29 13:14:35'),(4,'Apartment',NULL,'5 Mostafa Kamel St',2,59,'12611',4,'2026-04-29 13:14:35','2026-04-29 13:14:35'),(5,'Villa',NULL,'22 El Rehab City',1,3,'11841',5,'2026-04-29 13:14:35','2026-04-29 13:14:35'),(6,'Home',NULL,'7 Saad Zaghloul St',4,137,'35511',6,'2026-04-29 13:14:35','2026-04-29 13:14:35'),(7,'Office',NULL,'90 Gamal Abdel Nasser St',14,249,'43511',7,'2026-04-29 13:14:35','2026-04-29 13:14:35'),(8,'Home',NULL,'15 El Bahr St',18,287,'42511',8,'2026-04-29 13:14:35','2026-04-29 13:14:35'),(9,'Apartment',NULL,'33 El Nasr St',9,200,'41511',9,'2026-04-29 13:14:35','2026-04-29 13:14:35'),(10,'Home',NULL,'18 El Geish Road',8,192,'31511',10,'2026-04-29 13:14:35','2026-04-29 13:14:35'),(11,'Home',NULL,'22 Thawra St',20,306,'44511',11,'2026-04-29 13:14:35','2026-04-29 13:14:35'),(12,'Office',NULL,'14 Port Fouad St',19,295,'34511',12,'2026-04-29 13:14:35','2026-04-29 13:14:35'),(13,'Home',NULL,'9 El Mahatta St',16,266,'71511',13,'2026-04-29 13:14:35','2026-04-29 13:14:35'),(14,'Apartment',NULL,'25 El Gamaa St',5,157,'63511',14,'2026-04-29 13:14:35','2026-04-29 13:14:35'),(15,'Office',NULL,'88 El Nahda St',5,156,'61511',15,'2026-04-29 13:14:35','2026-04-29 13:14:35'),(16,'Home',NULL,'4 El Horriya St',4,143,'82511',16,'2026-04-29 13:14:35','2026-04-29 13:14:35'),(17,'Office',NULL,'55 El Galaa St',4,142,'85511',17,'2026-04-29 13:14:35','2026-04-29 13:14:35'),(18,'Villa',NULL,'301 Karnak Road',4,141,'85955',18,'2026-04-29 13:14:35','2026-04-29 13:14:35'),(19,'Home',NULL,'6 El Salam St',4,140,'81511',19,'2026-04-29 13:14:35','2026-04-29 13:14:35'),(20,'Apartment',NULL,'19 El Nile St',4,139,'62511',20,'2026-04-29 13:14:35','2026-04-29 13:14:35'),(21,'Home',NULL,'11 El Gomhouria St',4,138,'83511',21,'2026-04-29 13:14:35','2026-04-29 13:14:35'),(22,'Office',NULL,'66 El Nasr Road',4,137,'84511',22,'2026-04-29 13:14:35','2026-04-29 13:14:35'),(23,'Apartment',NULL,'3 El Madina St',3,100,'46619',23,'2026-04-29 13:14:35','2026-04-29 13:14:35'),(24,'Home',NULL,'27 El Wehda St',3,99,'45511',24,'2026-04-29 13:14:35','2026-04-29 13:14:35'),(25,'Villa',NULL,'50 International Rd',3,98,'11828',25,'2026-04-29 13:14:35','2026-04-29 13:14:35'),(26,'Home',NULL,'9 El Zahraa St',3,97,'13511',26,'2026-04-29 13:14:35','2026-04-29 13:14:35'),(27,'Office',NULL,'18 El Mostashfa St',3,96,'33511',27,'2026-04-29 13:14:35','2026-04-29 13:14:35'),(28,'Home',NULL,'41 El Masnaa St',3,95,'13711',28,'2026-04-29 13:14:35','2026-04-29 13:14:35'),(29,'Apartment',NULL,'2 El Zahraa Sq',3,94,'32511',29,'2026-04-29 13:14:35','2026-04-29 13:14:35'),(30,'Office',NULL,'17 El Geish St',3,93,'32911',30,'2026-04-29 13:14:35','2026-04-29 13:14:35'),(31,'Home',NULL,'30 El Bahr St',1,27,'61611',31,'2026-04-29 13:14:35','2026-04-29 13:14:35'),(32,'Villa',NULL,'55 Palm District',1,2,'61919',32,'2026-04-29 13:14:35','2026-04-29 13:14:35'),(33,'Apartment',NULL,'7 El Fardoos St',1,27,'61711',33,'2026-04-29 13:14:35','2026-04-29 13:14:35'),(34,'Office',NULL,'44 El Gomhouria St',1,32,'61811',34,'2026-04-29 13:14:35','2026-04-29 13:14:35'),(35,'Home',NULL,'15 El Wadi St',1,33,'71611',35,'2026-04-29 13:14:35','2026-04-29 13:14:35'),(36,'Office',NULL,'50 El Sadat Rd',1,30,'11865',36,'2026-04-29 13:14:35','2026-04-29 13:14:35'),(37,'Apartment',NULL,'77 6th District',1,24,'12573',37,'2026-04-29 13:14:35','2026-04-29 13:14:35'),(38,'Home',NULL,'100 El Wahat St',1,29,'12577',38,'2026-04-29 13:14:35','2026-04-29 13:14:35'),(39,'Villa',NULL,'33 El Lotus Rd',1,27,'11843',39,'2026-04-29 13:14:35','2026-04-29 13:14:35'),(40,'Home',NULL,'15 El Andalus',1,20,'11876',40,'2026-04-29 13:14:35','2026-04-29 13:14:35'),(41,'Office',NULL,'8 El Sarayat St',2,62,'11795',41,'2026-04-29 13:14:35','2026-04-29 13:14:35'),(42,'Apartment',NULL,'20 El Mashtal St',2,60,'11431',42,'2026-04-29 13:14:35','2026-04-29 13:14:35'),(43,'Home',NULL,'14 El Horreya Ave',2,59,'21614',43,'2026-04-29 13:14:35','2026-04-29 13:14:35'),(44,'Office',NULL,'60 Stanley Bridge Rd',2,58,'21532',44,'2026-04-29 13:14:35','2026-04-29 13:14:35'),(45,'Home',NULL,'10 El Galaa St',5,160,'41515',45,'2026-04-29 13:14:35','2026-04-29 13:14:35'),(46,'Apartment',NULL,'33 El Bahr Ave',5,161,'43512',46,'2026-04-29 13:14:35','2026-04-29 13:14:35'),(47,'Office',NULL,'22 El Mostashfa St',5,162,'35514',47,'2026-04-29 13:14:35','2026-04-29 13:14:35'),(48,'Home',NULL,'5 El Embassy St',6,164,'31512',48,'2026-04-29 13:14:35','2026-04-29 13:14:35'),(49,'Apartment',NULL,'12 El Watan St',6,165,'42512',49,'2026-04-29 13:14:35','2026-04-29 13:14:35'),(50,'Office',NULL,'4 El Masry St',6,166,'42526',50,'2026-04-29 13:14:35','2026-04-29 13:14:35'),(51,'Home',NULL,'18 El Waha District',1,20,'11371',51,'2026-04-29 13:14:35','2026-04-29 13:14:35'),(52,'Villa',NULL,'400 Mirage Area',1,17,'11885',52,'2026-04-29 13:14:35','2026-04-29 13:14:35'),(53,'Home',NULL,'40 El Mahrousa St',6,167,'12654',53,'2026-04-29 13:14:35','2026-04-29 13:14:35'),(54,'Apartment',NULL,'12 El Haram St',6,169,'12556',54,'2026-04-29 13:14:35','2026-04-29 13:14:35'),(55,'Home',NULL,'3 El Khazindar St',1,15,'11629',55,'2026-04-29 13:14:35','2026-04-29 13:14:35'),(56,'Office',NULL,'100 El Azhar St',1,12,'11675',56,'2026-04-29 13:14:35','2026-04-29 13:14:35'),(57,'Apartment',NULL,'22 El Fostat Rd',1,3,'11521',57,'2026-04-29 13:14:35','2026-04-29 13:14:35'),(58,'Home',NULL,'11 El Zahraa Rd',1,5,'11757',58,'2026-04-29 13:14:35','2026-04-29 13:14:35'),(59,'Office',NULL,'8 El Thawra Tunnel',1,6,'11381',39,'2026-04-29 13:14:35','2026-04-29 13:14:35'),(60,'Home',NULL,'70 El Makram Ebeid',1,10,'11391',10,'2026-04-29 13:14:35','2026-04-29 13:14:35'),(61,'Dawood',NULL,'cwd',1,1,'w',59,'2026-04-29 13:23:17','2026-04-29 13:23:17');
/*!40000 ALTER TABLE `addresses` ENABLE KEYS */;
UNLOCK TABLES;

--
-- Table structure for table `brands`
--

DROP TABLE IF EXISTS `brands`;
/*!40101 SET @saved_cs_client     = @@character_set_client */;
/*!50503 SET character_set_client = utf8mb4 */;
CREATE TABLE `brands` (
  `id` int NOT NULL AUTO_INCREMENT,
  `name` varchar(255) NOT NULL,
  `created_at` datetime NOT NULL DEFAULT CURRENT_TIMESTAMP,
  `updated_at` datetime NOT NULL DEFAULT CURRENT_TIMESTAMP ON UPDATE CURRENT_TIMESTAMP,
  PRIMARY KEY (`id`),
  UNIQUE KEY `name` (`name`)
) ENGINE=InnoDB AUTO_INCREMENT=6 DEFAULT CHARSET=utf8mb4 COLLATE=utf8mb4_0900_ai_ci;
/*!40101 SET character_set_client = @saved_cs_client */;

--
-- Dumping data for table `brands`
--

LOCK TABLES `brands` WRITE;
/*!40000 ALTER TABLE `brands` DISABLE KEYS */;
INSERT INTO `brands` VALUES (1,'Brand A','2026-04-29 13:14:35','2026-04-29 13:14:35'),(2,'Brand B','2026-04-29 13:14:35','2026-04-29 13:14:35'),(3,'Brand C','2026-04-29 13:14:35','2026-04-29 13:14:35'),(4,'Brand D','2026-04-29 13:14:35','2026-04-29 13:14:35'),(5,'Brand E','2026-04-29 13:14:35','2026-04-29 13:14:35');
/*!40000 ALTER TABLE `brands` ENABLE KEYS */;
UNLOCK TABLES;

--
-- Table structure for table `carts`
--

DROP TABLE IF EXISTS `carts`;
/*!40101 SET @saved_cs_client     = @@character_set_client */;
/*!50503 SET character_set_client = utf8mb4 */;
CREATE TABLE `carts` (
  `id` int NOT NULL AUTO_INCREMENT,
  `quantity` int NOT NULL DEFAULT '1',
  `color` varchar(255) DEFAULT NULL,
  `size` varchar(255) DEFAULT NULL,
  `created_at` datetime NOT NULL DEFAULT CURRENT_TIMESTAMP,
  `user_id` int NOT NULL,
  `product_id` int NOT NULL,
  `updated_at` datetime NOT NULL DEFAULT CURRENT_TIMESTAMP ON UPDATE CURRENT_TIMESTAMP,
  PRIMARY KEY (`id`),
  KEY `user_id` (`user_id`),
  KEY `product_id` (`product_id`),
  CONSTRAINT `carts_ibfk_1` FOREIGN KEY (`user_id`) REFERENCES `users` (`id`) ON DELETE CASCADE ON UPDATE CASCADE,
  CONSTRAINT `carts_ibfk_2` FOREIGN KEY (`product_id`) REFERENCES `products` (`id`) ON DELETE CASCADE ON UPDATE CASCADE
) ENGINE=InnoDB AUTO_INCREMENT=83 DEFAULT CHARSET=utf8mb4 COLLATE=utf8mb4_0900_ai_ci;
/*!40101 SET character_set_client = @saved_cs_client */;

--
-- Dumping data for table `carts`
--

LOCK TABLES `carts` WRITE;
/*!40000 ALTER TABLE `carts` DISABLE KEYS */;
INSERT INTO `carts` VALUES (82,1,NULL,NULL,'2026-06-23 15:55:05',59,31,'2026-06-23 15:55:05');
/*!40000 ALTER TABLE `carts` ENABLE KEYS */;
UNLOCK TABLES;

--
-- Table structure for table `chats`
--

DROP TABLE IF EXISTS `chats`;
/*!40101 SET @saved_cs_client     = @@character_set_client */;
/*!50503 SET character_set_client = utf8mb4 */;
CREATE TABLE `chats` (
  `id` int NOT NULL AUTO_INCREMENT,
  `receiver_id` int NOT NULL,
  `sender_id` int NOT NULL,
  `created_at` datetime DEFAULT CURRENT_TIMESTAMP,
  PRIMARY KEY (`id`),
  UNIQUE KEY `unique_chat` (`receiver_id`,`sender_id`),
  KEY `sender_id` (`sender_id`),
  CONSTRAINT `chats_ibfk_1` FOREIGN KEY (`receiver_id`) REFERENCES `users` (`id`),
  CONSTRAINT `chats_ibfk_2` FOREIGN KEY (`sender_id`) REFERENCES `users` (`id`)
) ENGINE=InnoDB AUTO_INCREMENT=26 DEFAULT CHARSET=utf8mb4 COLLATE=utf8mb4_0900_ai_ci;
/*!40101 SET character_set_client = @saved_cs_client */;

--
-- Dumping data for table `chats`
--

LOCK TABLES `chats` WRITE;
/*!40000 ALTER TABLE `chats` DISABLE KEYS */;
INSERT INTO `chats` VALUES (1,1,2,'2026-04-29 13:14:35'),(2,1,3,'2026-04-29 13:14:35'),(3,1,4,'2026-04-29 13:14:35'),(4,2,5,'2026-04-29 13:14:35'),(5,2,3,'2026-04-29 13:14:35'),(6,2,4,'2026-04-29 13:14:35'),(7,3,5,'2026-04-29 13:14:35'),(8,3,6,'2026-04-29 13:14:35'),(9,3,4,'2026-04-29 13:14:35'),(10,4,5,'2026-04-29 13:14:35'),(11,4,6,'2026-04-29 13:14:35'),(12,4,7,'2026-04-29 13:14:35'),(13,2,8,'2026-04-29 13:14:35'),(14,1,9,'2026-04-29 13:14:35'),(15,3,10,'2026-04-29 13:14:35'),(16,3,11,'2026-04-29 13:14:35'),(17,2,12,'2026-04-29 13:14:35'),(18,4,13,'2026-04-29 13:14:35'),(19,4,15,'2026-04-29 13:14:35'),(20,1,14,'2026-04-29 13:14:35'),(21,2,16,'2026-04-29 13:14:35'),(22,3,17,'2026-04-29 13:14:35'),(23,1,18,'2026-04-29 13:14:35'),(24,2,19,'2026-04-29 13:14:35'),(25,4,20,'2026-04-29 13:14:35');
/*!40000 ALTER TABLE `chats` ENABLE KEYS */;
UNLOCK TABLES;

--
-- Table structure for table `cities`
--

DROP TABLE IF EXISTS `cities`;
/*!40101 SET @saved_cs_client     = @@character_set_client */;
/*!50503 SET character_set_client = utf8mb4 */;
CREATE TABLE `cities` (
  `id` int NOT NULL AUTO_INCREMENT,
  `name` varchar(255) NOT NULL,
  `government_id` int NOT NULL,
  `created_at` datetime NOT NULL DEFAULT CURRENT_TIMESTAMP,
  `updated_at` datetime NOT NULL DEFAULT CURRENT_TIMESTAMP ON UPDATE CURRENT_TIMESTAMP,
  PRIMARY KEY (`id`),
  KEY `government_id` (`government_id`),
  CONSTRAINT `cities_ibfk_1` FOREIGN KEY (`government_id`) REFERENCES `governments` (`id`) ON DELETE CASCADE
) ENGINE=InnoDB AUTO_INCREMENT=397 DEFAULT CHARSET=utf8mb4 COLLATE=utf8mb4_0900_ai_ci;
/*!40101 SET character_set_client = @saved_cs_client */;

--
-- Dumping data for table `cities`
--

LOCK TABLES `cities` WRITE;
/*!40000 ALTER TABLE `cities` DISABLE KEYS */;
INSERT INTO `cities` VALUES (1,'15 May',1,'2026-04-29 16:14:11','2026-04-29 16:14:11'),(2,'Al Azbakeyah',1,'2026-04-29 16:14:11','2026-04-29 16:14:11'),(3,'Al Basatin',1,'2026-04-29 16:14:11','2026-04-29 16:14:11'),(4,'Tebin',1,'2026-04-29 16:14:11','2026-04-29 16:14:11'),(5,'El-Khalifa',1,'2026-04-29 16:14:11','2026-04-29 16:14:11'),(6,'El darrasa',1,'2026-04-29 16:14:11','2026-04-29 16:14:11'),(7,'Aldarb Alahmar',1,'2026-04-29 16:14:11','2026-04-29 16:14:11'),(8,'Zawya al-Hamra',1,'2026-04-29 16:14:11','2026-04-29 16:14:11'),(9,'El-Zaytoun',1,'2026-04-29 16:14:11','2026-04-29 16:14:11'),(10,'Sahel',1,'2026-04-29 16:14:11','2026-04-29 16:14:11'),(11,'El Salam',1,'2026-04-29 16:14:11','2026-04-29 16:14:11'),(12,'Sayeda Zeinab',1,'2026-04-29 16:14:11','2026-04-29 16:14:11'),(13,'El Sharabeya',1,'2026-04-29 16:14:11','2026-04-29 16:14:11'),(14,'Shorouk',1,'2026-04-29 16:14:11','2026-04-29 16:14:11'),(15,'El Daher',1,'2026-04-29 16:14:11','2026-04-29 16:14:11'),(16,'Ataba',1,'2026-04-29 16:14:11','2026-04-29 16:14:11'),(17,'New Cairo',1,'2026-04-29 16:14:11','2026-04-29 16:14:11'),(18,'El Marg',1,'2026-04-29 16:14:11','2026-04-29 16:14:11'),(19,'Ezbet el Nakhl',1,'2026-04-29 16:14:11','2026-04-29 16:14:11'),(20,'Matareya',1,'2026-04-29 16:14:11','2026-04-29 16:14:11'),(21,'Maadi',1,'2026-04-29 16:14:11','2026-04-29 16:14:11'),(22,'Maasara',1,'2026-04-29 16:14:11','2026-04-29 16:14:11'),(23,'Mokattam',1,'2026-04-29 16:14:11','2026-04-29 16:14:11'),(24,'Manyal',1,'2026-04-29 16:14:11','2026-04-29 16:14:11'),(25,'Mosky',1,'2026-04-29 16:14:11','2026-04-29 16:14:11'),(26,'Nozha',1,'2026-04-29 16:14:11','2026-04-29 16:14:11'),(27,'Waily',1,'2026-04-29 16:14:11','2026-04-29 16:14:11'),(28,'Bab al-Shereia',1,'2026-04-29 16:14:11','2026-04-29 16:14:11'),(29,'Bolaq',1,'2026-04-29 16:14:11','2026-04-29 16:14:11'),(30,'Garden City',1,'2026-04-29 16:14:11','2026-04-29 16:14:11'),(31,'Hadayek El-Kobba',1,'2026-04-29 16:14:11','2026-04-29 16:14:11'),(32,'Helwan',1,'2026-04-29 16:14:11','2026-04-29 16:14:11'),(33,'Dar Al Salam',1,'2026-04-29 16:14:11','2026-04-29 16:14:11'),(34,'Shubra',1,'2026-04-29 16:14:11','2026-04-29 16:14:11'),(35,'Tura',1,'2026-04-29 16:14:11','2026-04-29 16:14:11'),(36,'Abdeen',1,'2026-04-29 16:14:11','2026-04-29 16:14:11'),(37,'Abaseya',1,'2026-04-29 16:14:11','2026-04-29 16:14:11'),(38,'Ain Shams',1,'2026-04-29 16:14:11','2026-04-29 16:14:11'),(39,'Nasr City',1,'2026-04-29 16:14:11','2026-04-29 16:14:11'),(40,'New Heliopolis',1,'2026-04-29 16:14:11','2026-04-29 16:14:11'),(41,'Masr Al Qadima',1,'2026-04-29 16:14:11','2026-04-29 16:14:11'),(42,'Mansheya Nasir',1,'2026-04-29 16:14:11','2026-04-29 16:14:11'),(43,'Badr City',1,'2026-04-29 16:14:11','2026-04-29 16:14:11'),(44,'Obour City',1,'2026-04-29 16:14:11','2026-04-29 16:14:11'),(45,'Cairo Downtown',1,'2026-04-29 16:14:11','2026-04-29 16:14:11'),(46,'Zamalek',1,'2026-04-29 16:14:11','2026-04-29 16:14:11'),(47,'Kasr El Nile',1,'2026-04-29 16:14:11','2026-04-29 16:14:11'),(48,'Rehab',1,'2026-04-29 16:14:11','2026-04-29 16:14:11'),(49,'Katameya',1,'2026-04-29 16:14:11','2026-04-29 16:14:11'),(50,'Madinty',1,'2026-04-29 16:14:11','2026-04-29 16:14:11'),(51,'Rod Alfarag',1,'2026-04-29 16:14:11','2026-04-29 16:14:11'),(52,'Sheraton',1,'2026-04-29 16:14:11','2026-04-29 16:14:11'),(53,'El-Gamaleya',1,'2026-04-29 16:14:11','2026-04-29 16:14:11'),(54,'10th of Ramadan City',1,'2026-04-29 16:14:11','2026-04-29 16:14:11'),(55,'Helmeyat Alzaytoun',1,'2026-04-29 16:14:11','2026-04-29 16:14:11'),(56,'New Nozha',1,'2026-04-29 16:14:11','2026-04-29 16:14:11'),(57,'Capital New',1,'2026-04-29 16:14:11','2026-04-29 16:14:11'),(58,'Giza',2,'2026-04-29 16:14:11','2026-04-29 16:14:11'),(59,'Sixth of October',2,'2026-04-29 16:14:11','2026-04-29 16:14:11'),(60,'Cheikh Zayed',2,'2026-04-29 16:14:11','2026-04-29 16:14:11'),(61,'Hawamdiyah',2,'2026-04-29 16:14:11','2026-04-29 16:14:11'),(62,'Al Badrasheen',2,'2026-04-29 16:14:11','2026-04-29 16:14:11'),(63,'Saf',2,'2026-04-29 16:14:11','2026-04-29 16:14:11'),(64,'Atfih',2,'2026-04-29 16:14:11','2026-04-29 16:14:11'),(65,'Al Ayat',2,'2026-04-29 16:14:11','2026-04-29 16:14:11'),(66,'Al-Bawaiti',2,'2026-04-29 16:14:11','2026-04-29 16:14:11'),(67,'ManshiyetAl Qanater',2,'2026-04-29 16:14:11','2026-04-29 16:14:11'),(68,'Oaseem',2,'2026-04-29 16:14:11','2026-04-29 16:14:11'),(69,'Kerdasa',2,'2026-04-29 16:14:11','2026-04-29 16:14:11'),(70,'Abu Nomros',2,'2026-04-29 16:14:11','2026-04-29 16:14:11'),(71,'Kafr Ghati',2,'2026-04-29 16:14:11','2026-04-29 16:14:11'),(72,'Manshiyet Al Bakari',2,'2026-04-29 16:14:11','2026-04-29 16:14:11'),(73,'Dokki',2,'2026-04-29 16:14:11','2026-04-29 16:14:11'),(74,'Agouza',2,'2026-04-29 16:14:11','2026-04-29 16:14:11'),(75,'Haram',2,'2026-04-29 16:14:11','2026-04-29 16:14:11'),(76,'Warraq',2,'2026-04-29 16:14:11','2026-04-29 16:14:11'),(77,'Imbaba',2,'2026-04-29 16:14:11','2026-04-29 16:14:11'),(78,'Boulaq Dakrour',2,'2026-04-29 16:14:11','2026-04-29 16:14:11'),(79,'Al Wahat Al Baharia',2,'2026-04-29 16:14:11','2026-04-29 16:14:11'),(80,'Omraneya',2,'2026-04-29 16:14:11','2026-04-29 16:14:11'),(81,'Moneeb',2,'2026-04-29 16:14:11','2026-04-29 16:14:11'),(82,'Bin Alsarayat',2,'2026-04-29 16:14:11','2026-04-29 16:14:11'),(83,'Kit Kat',2,'2026-04-29 16:14:11','2026-04-29 16:14:11'),(84,'Mohandessin',2,'2026-04-29 16:14:11','2026-04-29 16:14:11'),(85,'Faisal',2,'2026-04-29 16:14:11','2026-04-29 16:14:11'),(86,'Abu Rawash',2,'2026-04-29 16:14:11','2026-04-29 16:14:11'),(87,'Hadayek Alahram',2,'2026-04-29 16:14:11','2026-04-29 16:14:11'),(88,'Haraneya',2,'2026-04-29 16:14:11','2026-04-29 16:14:11'),(89,'Hadayek October',2,'2026-04-29 16:14:11','2026-04-29 16:14:11'),(90,'Saft Allaban',2,'2026-04-29 16:14:11','2026-04-29 16:14:11'),(91,'Smart Village',2,'2026-04-29 16:14:11','2026-04-29 16:14:11'),(92,'Ard Ellwaa',2,'2026-04-29 16:14:11','2026-04-29 16:14:11'),(93,'Abu Qir',3,'2026-04-29 16:14:11','2026-04-29 16:14:11'),(94,'Al Ibrahimeyah',3,'2026-04-29 16:14:11','2026-04-29 16:14:11'),(95,'Azarita',3,'2026-04-29 16:14:11','2026-04-29 16:14:11'),(96,'Anfoushi',3,'2026-04-29 16:14:11','2026-04-29 16:14:11'),(97,'Dekheila',3,'2026-04-29 16:14:11','2026-04-29 16:14:11'),(98,'El Soyof',3,'2026-04-29 16:14:11','2026-04-29 16:14:11'),(99,'Ameria',3,'2026-04-29 16:14:11','2026-04-29 16:14:11'),(100,'El Labban',3,'2026-04-29 16:14:11','2026-04-29 16:14:11'),(101,'Al Mafrouza',3,'2026-04-29 16:14:11','2026-04-29 16:14:11'),(102,'El Montaza',3,'2026-04-29 16:14:11','2026-04-29 16:14:11'),(103,'Mansheya',3,'2026-04-29 16:14:11','2026-04-29 16:14:11'),(104,'Naseria',3,'2026-04-29 16:14:11','2026-04-29 16:14:11'),(105,'Ambrozo',3,'2026-04-29 16:14:11','2026-04-29 16:14:11'),(106,'Bab Sharq',3,'2026-04-29 16:14:11','2026-04-29 16:14:11'),(107,'Bourj Alarab',3,'2026-04-29 16:14:11','2026-04-29 16:14:11'),(108,'Stanley',3,'2026-04-29 16:14:11','2026-04-29 16:14:11'),(109,'Smouha',3,'2026-04-29 16:14:11','2026-04-29 16:14:11'),(110,'Sidi Bishr',3,'2026-04-29 16:14:11','2026-04-29 16:14:11'),(111,'Shads',3,'2026-04-29 16:14:11','2026-04-29 16:14:11'),(112,'Gheet Alenab',3,'2026-04-29 16:14:11','2026-04-29 16:14:11'),(113,'Fleming',3,'2026-04-29 16:14:11','2026-04-29 16:14:11'),(114,'Victoria',3,'2026-04-29 16:14:11','2026-04-29 16:14:11'),(115,'Camp Shizar',3,'2026-04-29 16:14:11','2026-04-29 16:14:11'),(116,'Karmooz',3,'2026-04-29 16:14:11','2026-04-29 16:14:11'),(117,'Mahta Alraml',3,'2026-04-29 16:14:11','2026-04-29 16:14:11'),(118,'Mina El-Basal',3,'2026-04-29 16:14:11','2026-04-29 16:14:11'),(119,'Asafra',3,'2026-04-29 16:14:11','2026-04-29 16:14:11'),(120,'Agamy',3,'2026-04-29 16:14:11','2026-04-29 16:14:11'),(121,'Bakos',3,'2026-04-29 16:14:11','2026-04-29 16:14:11'),(122,'Boulkly',3,'2026-04-29 16:14:11','2026-04-29 16:14:11'),(123,'Cleopatra',3,'2026-04-29 16:14:11','2026-04-29 16:14:11'),(124,'Glim',3,'2026-04-29 16:14:11','2026-04-29 16:14:11'),(125,'Al Mamurah',3,'2026-04-29 16:14:11','2026-04-29 16:14:11'),(126,'Al Mandara',3,'2026-04-29 16:14:11','2026-04-29 16:14:11'),(127,'Moharam Bek',3,'2026-04-29 16:14:11','2026-04-29 16:14:11'),(128,'Elshatby',3,'2026-04-29 16:14:11','2026-04-29 16:14:11'),(129,'Sidi Gaber',3,'2026-04-29 16:14:11','2026-04-29 16:14:11'),(130,'North Coast/sahel',3,'2026-04-29 16:14:11','2026-04-29 16:14:11'),(131,'Alhadra',3,'2026-04-29 16:14:11','2026-04-29 16:14:11'),(132,'Alattarin',3,'2026-04-29 16:14:11','2026-04-29 16:14:11'),(133,'Sidi Kerir',3,'2026-04-29 16:14:11','2026-04-29 16:14:11'),(134,'Elgomrok',3,'2026-04-29 16:14:11','2026-04-29 16:14:11'),(135,'Al Max',3,'2026-04-29 16:14:11','2026-04-29 16:14:11'),(136,'Marina',3,'2026-04-29 16:14:11','2026-04-29 16:14:11'),(137,'Mansoura',4,'2026-04-29 16:14:11','2026-04-29 16:14:11'),(138,'Talkha',4,'2026-04-29 16:14:11','2026-04-29 16:14:11'),(139,'Mitt Ghamr',4,'2026-04-29 16:14:11','2026-04-29 16:14:11'),(140,'Dekernes',4,'2026-04-29 16:14:11','2026-04-29 16:14:11'),(141,'Aga',4,'2026-04-29 16:14:11','2026-04-29 16:14:11'),(142,'Menia El Nasr',4,'2026-04-29 16:14:11','2026-04-29 16:14:11'),(143,'Sinbillawin',4,'2026-04-29 16:14:11','2026-04-29 16:14:11'),(144,'El Kurdi',4,'2026-04-29 16:14:11','2026-04-29 16:14:11'),(145,'Bani Ubaid',4,'2026-04-29 16:14:11','2026-04-29 16:14:11'),(146,'Al Manzala',4,'2026-04-29 16:14:11','2026-04-29 16:14:11'),(147,'tami alamdid',4,'2026-04-29 16:14:11','2026-04-29 16:14:11'),(148,'aljamalia',4,'2026-04-29 16:14:11','2026-04-29 16:14:11'),(149,'Sherbin',4,'2026-04-29 16:14:11','2026-04-29 16:14:11'),(150,'Mataria',4,'2026-04-29 16:14:11','2026-04-29 16:14:11'),(151,'Belqas',4,'2026-04-29 16:14:11','2026-04-29 16:14:11'),(152,'Meet Salsil',4,'2026-04-29 16:14:11','2026-04-29 16:14:11'),(153,'Gamasa',4,'2026-04-29 16:14:11','2026-04-29 16:14:11'),(154,'Mahalat Damana',4,'2026-04-29 16:14:11','2026-04-29 16:14:11'),(155,'Nabroh',4,'2026-04-29 16:14:11','2026-04-29 16:14:11'),(156,'Hurghada',5,'2026-04-29 16:14:11','2026-04-29 16:14:11'),(157,'Ras Ghareb',5,'2026-04-29 16:14:11','2026-04-29 16:14:11'),(158,'Safaga',5,'2026-04-29 16:14:11','2026-04-29 16:14:11'),(159,'El Qusiar',5,'2026-04-29 16:14:11','2026-04-29 16:14:11'),(160,'Marsa Alam',5,'2026-04-29 16:14:11','2026-04-29 16:14:11'),(161,'Shalatin',5,'2026-04-29 16:14:11','2026-04-29 16:14:11'),(162,'Halaib',5,'2026-04-29 16:14:11','2026-04-29 16:14:11'),(163,'Aldahar',5,'2026-04-29 16:14:11','2026-04-29 16:14:11'),(164,'Damanhour',6,'2026-04-29 16:14:11','2026-04-29 16:14:11'),(165,'Kafr El Dawar',6,'2026-04-29 16:14:11','2026-04-29 16:14:11'),(166,'Rashid',6,'2026-04-29 16:14:11','2026-04-29 16:14:11'),(167,'Edco',6,'2026-04-29 16:14:11','2026-04-29 16:14:11'),(168,'Abu al-Matamir',6,'2026-04-29 16:14:11','2026-04-29 16:14:11'),(169,'Abu Homs',6,'2026-04-29 16:14:11','2026-04-29 16:14:11'),(170,'Delengat',6,'2026-04-29 16:14:11','2026-04-29 16:14:11'),(171,'Mahmoudiyah',6,'2026-04-29 16:14:11','2026-04-29 16:14:11'),(172,'Rahmaniyah',6,'2026-04-29 16:14:11','2026-04-29 16:14:11'),(173,'Itai Baroud',6,'2026-04-29 16:14:11','2026-04-29 16:14:11'),(174,'Housh Eissa',6,'2026-04-29 16:14:11','2026-04-29 16:14:11'),(175,'Shubrakhit',6,'2026-04-29 16:14:11','2026-04-29 16:14:11'),(176,'Kom Hamada',6,'2026-04-29 16:14:11','2026-04-29 16:14:11'),(177,'Badr',6,'2026-04-29 16:14:11','2026-04-29 16:14:11'),(178,'Wadi Natrun',6,'2026-04-29 16:14:11','2026-04-29 16:14:11'),(179,'New Nubaria',6,'2026-04-29 16:14:11','2026-04-29 16:14:11'),(180,'Alnoubareya',6,'2026-04-29 16:14:11','2026-04-29 16:14:11'),(181,'Fayoum',7,'2026-04-29 16:14:11','2026-04-29 16:14:11'),(182,'Fayoum El Gedida',7,'2026-04-29 16:14:11','2026-04-29 16:14:11'),(183,'Tamiya',7,'2026-04-29 16:14:11','2026-04-29 16:14:11'),(184,'Snores',7,'2026-04-29 16:14:11','2026-04-29 16:14:11'),(185,'Etsa',7,'2026-04-29 16:14:11','2026-04-29 16:14:11'),(186,'Epschway',7,'2026-04-29 16:14:11','2026-04-29 16:14:11'),(187,'Yusuf El Sediaq',7,'2026-04-29 16:14:11','2026-04-29 16:14:11'),(188,'Hadqa',7,'2026-04-29 16:14:11','2026-04-29 16:14:11'),(189,'Atsa',7,'2026-04-29 16:14:11','2026-04-29 16:14:11'),(190,'Algamaa',7,'2026-04-29 16:14:11','2026-04-29 16:14:11'),(191,'Sayala',7,'2026-04-29 16:14:11','2026-04-29 16:14:11'),(192,'Tanta',8,'2026-04-29 16:14:11','2026-04-29 16:14:11'),(193,'Al Mahalla Al Kobra',8,'2026-04-29 16:14:11','2026-04-29 16:14:11'),(194,'Kafr El Zayat',8,'2026-04-29 16:14:11','2026-04-29 16:14:11'),(195,'Zefta',8,'2026-04-29 16:14:11','2026-04-29 16:14:11'),(196,'El Santa',8,'2026-04-29 16:14:11','2026-04-29 16:14:11'),(197,'Qutour',8,'2026-04-29 16:14:11','2026-04-29 16:14:11'),(198,'Basion',8,'2026-04-29 16:14:11','2026-04-29 16:14:11'),(199,'Samannoud',8,'2026-04-29 16:14:11','2026-04-29 16:14:11'),(200,'Ismailia',9,'2026-04-29 16:14:11','2026-04-29 16:14:11'),(201,'Fayed',9,'2026-04-29 16:14:11','2026-04-29 16:14:11'),(202,'Qantara Sharq',9,'2026-04-29 16:14:11','2026-04-29 16:14:11'),(203,'Qantara Gharb',9,'2026-04-29 16:14:11','2026-04-29 16:14:11'),(204,'El Tal El Kabier',9,'2026-04-29 16:14:11','2026-04-29 16:14:11'),(205,'Abu Sawir',9,'2026-04-29 16:14:11','2026-04-29 16:14:11'),(206,'Kasasien El Gedida',9,'2026-04-29 16:14:11','2026-04-29 16:14:11'),(207,'Nefesha',9,'2026-04-29 16:14:11','2026-04-29 16:14:11'),(208,'Sheikh Zayed',9,'2026-04-29 16:14:11','2026-04-29 16:14:11'),(209,'Shbeen El Koom',10,'2026-04-29 16:14:11','2026-04-29 16:14:11'),(210,'Sadat City',10,'2026-04-29 16:14:11','2026-04-29 16:14:11'),(211,'Menouf',10,'2026-04-29 16:14:11','2026-04-29 16:14:11'),(212,'Sars El-Layan',10,'2026-04-29 16:14:11','2026-04-29 16:14:11'),(213,'Ashmon',10,'2026-04-29 16:14:11','2026-04-29 16:14:11'),(214,'Al Bagor',10,'2026-04-29 16:14:11','2026-04-29 16:14:11'),(215,'Quesna',10,'2026-04-29 16:14:11','2026-04-29 16:14:11'),(216,'Berkat El Saba',10,'2026-04-29 16:14:11','2026-04-29 16:14:11'),(217,'Tala',10,'2026-04-29 16:14:11','2026-04-29 16:14:11'),(218,'Al Shohada',10,'2026-04-29 16:14:11','2026-04-29 16:14:11'),(219,'Minya',11,'2026-04-29 16:14:11','2026-04-29 16:14:11'),(220,'Minya El Gedida',11,'2026-04-29 16:14:11','2026-04-29 16:14:11'),(221,'El Adwa',11,'2026-04-29 16:14:11','2026-04-29 16:14:11'),(222,'Magagha',11,'2026-04-29 16:14:11','2026-04-29 16:14:11'),(223,'Bani Mazar',11,'2026-04-29 16:14:11','2026-04-29 16:14:11'),(224,'Mattay',11,'2026-04-29 16:14:11','2026-04-29 16:14:11'),(225,'Samalut',11,'2026-04-29 16:14:11','2026-04-29 16:14:11'),(226,'Madinat El Fekria',11,'2026-04-29 16:14:11','2026-04-29 16:14:11'),(227,'Meloy',11,'2026-04-29 16:14:11','2026-04-29 16:14:11'),(228,'Deir Mawas',11,'2026-04-29 16:14:11','2026-04-29 16:14:11'),(229,'Abu Qurqas',11,'2026-04-29 16:14:11','2026-04-29 16:14:11'),(230,'Ard Sultan',11,'2026-04-29 16:14:11','2026-04-29 16:14:11'),(231,'Banha',12,'2026-04-29 16:14:11','2026-04-29 16:14:11'),(232,'Qalyub',12,'2026-04-29 16:14:11','2026-04-29 16:14:11'),(233,'Shubra Al Khaimah',12,'2026-04-29 16:14:11','2026-04-29 16:14:11'),(234,'Al Qanater Charity',12,'2026-04-29 16:14:11','2026-04-29 16:14:11'),(235,'Khanka',12,'2026-04-29 16:14:11','2026-04-29 16:14:11'),(236,'Kafr Shukr',12,'2026-04-29 16:14:11','2026-04-29 16:14:11'),(237,'Tukh',12,'2026-04-29 16:14:11','2026-04-29 16:14:11'),(238,'Qaha',12,'2026-04-29 16:14:11','2026-04-29 16:14:11'),(239,'Obour',12,'2026-04-29 16:14:11','2026-04-29 16:14:11'),(240,'Khosous',12,'2026-04-29 16:14:11','2026-04-29 16:14:11'),(241,'Shibin Al Qanater',12,'2026-04-29 16:14:11','2026-04-29 16:14:11'),(242,'Mostorod',12,'2026-04-29 16:14:11','2026-04-29 16:14:11'),(243,'El Kharga',13,'2026-04-29 16:14:11','2026-04-29 16:14:11'),(244,'Paris',13,'2026-04-29 16:14:11','2026-04-29 16:14:11'),(245,'Mout',13,'2026-04-29 16:14:11','2026-04-29 16:14:11'),(246,'Farafra',13,'2026-04-29 16:14:11','2026-04-29 16:14:11'),(247,'Balat',13,'2026-04-29 16:14:11','2026-04-29 16:14:11'),(248,'Dakhla',13,'2026-04-29 16:14:11','2026-04-29 16:14:11'),(249,'Suez',14,'2026-04-29 16:14:11','2026-04-29 16:14:11'),(250,'Alganayen',14,'2026-04-29 16:14:11','2026-04-29 16:14:11'),(251,'Ataqah',14,'2026-04-29 16:14:11','2026-04-29 16:14:11'),(252,'Ain Sokhna',14,'2026-04-29 16:14:11','2026-04-29 16:14:11'),(253,'Faysal',14,'2026-04-29 16:14:11','2026-04-29 16:14:11'),(254,'Aswan',15,'2026-04-29 16:14:11','2026-04-29 16:14:11'),(255,'Aswan El Gedida',15,'2026-04-29 16:14:11','2026-04-29 16:14:11'),(256,'Drau',15,'2026-04-29 16:14:11','2026-04-29 16:14:11'),(257,'Kom Ombo',15,'2026-04-29 16:14:11','2026-04-29 16:14:11'),(258,'Nasr Al Nuba',15,'2026-04-29 16:14:11','2026-04-29 16:14:11'),(259,'Kalabsha',15,'2026-04-29 16:14:11','2026-04-29 16:14:11'),(260,'Edfu',15,'2026-04-29 16:14:11','2026-04-29 16:14:11'),(261,'Al-Radisiyah',15,'2026-04-29 16:14:11','2026-04-29 16:14:11'),(262,'Al Basilia',15,'2026-04-29 16:14:11','2026-04-29 16:14:11'),(263,'Al Sibaeia',15,'2026-04-29 16:14:11','2026-04-29 16:14:11'),(264,'Abo Simbl Al Siyahia',15,'2026-04-29 16:14:11','2026-04-29 16:14:11'),(265,'Marsa Alam',15,'2026-04-29 16:14:11','2026-04-29 16:14:11'),(266,'Assiut',16,'2026-04-29 16:14:11','2026-04-29 16:14:11'),(267,'Assiut El Gedida',16,'2026-04-29 16:14:11','2026-04-29 16:14:11'),(268,'Dayrout',16,'2026-04-29 16:14:11','2026-04-29 16:14:11'),(269,'Manfalut',16,'2026-04-29 16:14:11','2026-04-29 16:14:11'),(270,'Qusiya',16,'2026-04-29 16:14:11','2026-04-29 16:14:11'),(271,'Abnoub',16,'2026-04-29 16:14:11','2026-04-29 16:14:11'),(272,'Abu Tig',16,'2026-04-29 16:14:11','2026-04-29 16:14:11'),(273,'El Ghanaim',16,'2026-04-29 16:14:11','2026-04-29 16:14:11'),(274,'Sahel Selim',16,'2026-04-29 16:14:11','2026-04-29 16:14:11'),(275,'El Badari',16,'2026-04-29 16:14:11','2026-04-29 16:14:11'),(276,'Sidfa',16,'2026-04-29 16:14:11','2026-04-29 16:14:11'),(277,'Bani Sweif',17,'2026-04-29 16:14:11','2026-04-29 16:14:11'),(278,'Beni Suef El Gedida',17,'2026-04-29 16:14:11','2026-04-29 16:14:11'),(279,'Al Wasta',17,'2026-04-29 16:14:11','2026-04-29 16:14:11'),(280,'Naser',17,'2026-04-29 16:14:11','2026-04-29 16:14:11'),(281,'Ehnasia',17,'2026-04-29 16:14:11','2026-04-29 16:14:11'),(282,'beba',17,'2026-04-29 16:14:11','2026-04-29 16:14:11'),(283,'Fashn',17,'2026-04-29 16:14:11','2026-04-29 16:14:11'),(284,'Somasta',17,'2026-04-29 16:14:11','2026-04-29 16:14:11'),(285,'Alabbaseri',17,'2026-04-29 16:14:11','2026-04-29 16:14:11'),(286,'Mokbel',17,'2026-04-29 16:14:11','2026-04-29 16:14:11'),(287,'PorSaid',18,'2026-04-29 16:14:11','2026-04-29 16:14:11'),(288,'Port Fouad',18,'2026-04-29 16:14:11','2026-04-29 16:14:11'),(289,'Alarab',18,'2026-04-29 16:14:11','2026-04-29 16:14:11'),(290,'Zohour',18,'2026-04-29 16:14:11','2026-04-29 16:14:11'),(291,'Alsharq',18,'2026-04-29 16:14:11','2026-04-29 16:14:11'),(292,'Aldawahi',18,'2026-04-29 16:14:11','2026-04-29 16:14:11'),(293,'Almanakh',18,'2026-04-29 16:14:11','2026-04-29 16:14:11'),(294,'Mubarak',18,'2026-04-29 16:14:11','2026-04-29 16:14:11'),(295,'Damietta',19,'2026-04-29 16:14:11','2026-04-29 16:14:11'),(296,'New Damietta',19,'2026-04-29 16:14:11','2026-04-29 16:14:11'),(297,'Ras El Bar',19,'2026-04-29 16:14:11','2026-04-29 16:14:11'),(298,'Faraskour',19,'2026-04-29 16:14:11','2026-04-29 16:14:11'),(299,'Zarqa',19,'2026-04-29 16:14:11','2026-04-29 16:14:11'),(300,'alsaru',19,'2026-04-29 16:14:11','2026-04-29 16:14:11'),(301,'alruwda',19,'2026-04-29 16:14:11','2026-04-29 16:14:11'),(302,'Kafr El-Batikh',19,'2026-04-29 16:14:11','2026-04-29 16:14:11'),(303,'Azbet Al Burg',19,'2026-04-29 16:14:11','2026-04-29 16:14:11'),(304,'Meet Abou Ghalib',19,'2026-04-29 16:14:11','2026-04-29 16:14:11'),(305,'Kafr Saad',19,'2026-04-29 16:14:11','2026-04-29 16:14:11'),(306,'Zagazig',20,'2026-04-29 16:14:11','2026-04-29 16:14:11'),(307,'Al Ashr Men Ramadan',20,'2026-04-29 16:14:11','2026-04-29 16:14:11'),(308,'Minya Al Qamh',20,'2026-04-29 16:14:11','2026-04-29 16:14:11'),(309,'Belbeis',20,'2026-04-29 16:14:11','2026-04-29 16:14:11'),(310,'Mashtoul El Souq',20,'2026-04-29 16:14:11','2026-04-29 16:14:11'),(311,'Qenaiat',20,'2026-04-29 16:14:11','2026-04-29 16:14:11'),(312,'Abu Hammad',20,'2026-04-29 16:14:11','2026-04-29 16:14:11'),(313,'El Qurain',20,'2026-04-29 16:14:11','2026-04-29 16:14:11'),(314,'Hehia',20,'2026-04-29 16:14:11','2026-04-29 16:14:11'),(315,'Abu Kabir',20,'2026-04-29 16:14:11','2026-04-29 16:14:11'),(316,'Faccus',20,'2026-04-29 16:14:11','2026-04-29 16:14:11'),(317,'El Salihia El Gedida',20,'2026-04-29 16:14:11','2026-04-29 16:14:11'),(318,'Al Ibrahimiyah',20,'2026-04-29 16:14:11','2026-04-29 16:14:11'),(319,'Deirb Negm',20,'2026-04-29 16:14:11','2026-04-29 16:14:11'),(320,'Kafr Saqr',20,'2026-04-29 16:14:11','2026-04-29 16:14:11'),(321,'Awlad Saqr',20,'2026-04-29 16:14:11','2026-04-29 16:14:11'),(322,'Husseiniya',20,'2026-04-29 16:14:11','2026-04-29 16:14:11'),(323,'san alhajar alqablia',20,'2026-04-29 16:14:11','2026-04-29 16:14:11'),(324,'Manshayat Abu Omar',20,'2026-04-29 16:14:11','2026-04-29 16:14:11'),(325,'Al Toor',21,'2026-04-29 16:14:11','2026-04-29 16:14:11'),(326,'Sharm El-Shaikh',21,'2026-04-29 16:14:11','2026-04-29 16:14:11'),(327,'Dahab',21,'2026-04-29 16:14:11','2026-04-29 16:14:11'),(328,'Nuweiba',21,'2026-04-29 16:14:11','2026-04-29 16:14:11'),(329,'Taba',21,'2026-04-29 16:14:11','2026-04-29 16:14:11'),(330,'Saint Catherine',21,'2026-04-29 16:14:11','2026-04-29 16:14:11'),(331,'Abu Redis',21,'2026-04-29 16:14:11','2026-04-29 16:14:11'),(332,'Abu Zenaima',21,'2026-04-29 16:14:11','2026-04-29 16:14:11'),(333,'Ras Sidr',21,'2026-04-29 16:14:11','2026-04-29 16:14:11'),(334,'Kafr El Sheikh',22,'2026-04-29 16:14:11','2026-04-29 16:14:11'),(335,'Kafr El Sheikh Downtown',22,'2026-04-29 16:14:11','2026-04-29 16:14:11'),(336,'Desouq',22,'2026-04-29 16:14:11','2026-04-29 16:14:11'),(337,'Fooh',22,'2026-04-29 16:14:11','2026-04-29 16:14:11'),(338,'Metobas',22,'2026-04-29 16:14:11','2026-04-29 16:14:11'),(339,'Burg Al Burullus',22,'2026-04-29 16:14:11','2026-04-29 16:14:11'),(340,'Baltim',22,'2026-04-29 16:14:11','2026-04-29 16:14:11'),(341,'Masief Baltim',22,'2026-04-29 16:14:11','2026-04-29 16:14:11'),(342,'Hamol',22,'2026-04-29 16:14:11','2026-04-29 16:14:11'),(343,'Bella',22,'2026-04-29 16:14:11','2026-04-29 16:14:11'),(344,'Riyadh',22,'2026-04-29 16:14:11','2026-04-29 16:14:11'),(345,'Sidi Salm',22,'2026-04-29 16:14:11','2026-04-29 16:14:11'),(346,'Qellen',22,'2026-04-29 16:14:11','2026-04-29 16:14:11'),(347,'Sidi Ghazi',22,'2026-04-29 16:14:11','2026-04-29 16:14:11'),(348,'Marsa Matrouh',23,'2026-04-29 16:14:11','2026-04-29 16:14:11'),(349,'El Hamam',23,'2026-04-29 16:14:11','2026-04-29 16:14:11'),(350,'Alamein',23,'2026-04-29 16:14:11','2026-04-29 16:14:11'),(351,'Dabaa',23,'2026-04-29 16:14:11','2026-04-29 16:14:11'),(352,'Al-Nagila',23,'2026-04-29 16:14:11','2026-04-29 16:14:11'),(353,'Sidi Brani',23,'2026-04-29 16:14:11','2026-04-29 16:14:11'),(354,'Salloum',23,'2026-04-29 16:14:11','2026-04-29 16:14:11'),(355,'Siwa',23,'2026-04-29 16:14:11','2026-04-29 16:14:11'),(356,'Marina',23,'2026-04-29 16:14:11','2026-04-29 16:14:11'),(357,'North Coast',23,'2026-04-29 16:14:11','2026-04-29 16:14:11'),(358,'Luxor',24,'2026-04-29 16:14:11','2026-04-29 16:14:11'),(359,'New Luxor',24,'2026-04-29 16:14:11','2026-04-29 16:14:11'),(360,'Esna',24,'2026-04-29 16:14:11','2026-04-29 16:14:11'),(361,'New Tiba',24,'2026-04-29 16:14:11','2026-04-29 16:14:11'),(362,'Al ziynia',24,'2026-04-29 16:14:11','2026-04-29 16:14:11'),(363,'Al Bayadieh',24,'2026-04-29 16:14:11','2026-04-29 16:14:11'),(364,'Al Qarna',24,'2026-04-29 16:14:11','2026-04-29 16:14:11'),(365,'Armant',24,'2026-04-29 16:14:11','2026-04-29 16:14:11'),(366,'Al Tud',24,'2026-04-29 16:14:11','2026-04-29 16:14:11'),(367,'Qena',25,'2026-04-29 16:14:11','2026-04-29 16:14:11'),(368,'New Qena',25,'2026-04-29 16:14:11','2026-04-29 16:14:11'),(369,'Abu Tesht',25,'2026-04-29 16:14:11','2026-04-29 16:14:11'),(370,'Nag Hammadi',25,'2026-04-29 16:14:11','2026-04-29 16:14:11'),(371,'Deshna',25,'2026-04-29 16:14:11','2026-04-29 16:14:11'),(372,'Alwaqf',25,'2026-04-29 16:14:11','2026-04-29 16:14:11'),(373,'Qaft',25,'2026-04-29 16:14:11','2026-04-29 16:14:11'),(374,'Naqada',25,'2026-04-29 16:14:11','2026-04-29 16:14:11'),(375,'Farshout',25,'2026-04-29 16:14:11','2026-04-29 16:14:11'),(376,'Quos',25,'2026-04-29 16:14:11','2026-04-29 16:14:11'),(377,'Arish',26,'2026-04-29 16:14:11','2026-04-29 16:14:11'),(378,'Sheikh Zowaid',26,'2026-04-29 16:14:11','2026-04-29 16:14:11'),(379,'Nakhl',26,'2026-04-29 16:14:11','2026-04-29 16:14:11'),(380,'Rafah',26,'2026-04-29 16:14:11','2026-04-29 16:14:11'),(381,'Bir al-Abed',26,'2026-04-29 16:14:11','2026-04-29 16:14:11'),(382,'Al Hasana',26,'2026-04-29 16:14:11','2026-04-29 16:14:11'),(383,'Sohag',27,'2026-04-29 16:14:11','2026-04-29 16:14:11'),(384,'Sohag El Gedida',27,'2026-04-29 16:14:11','2026-04-29 16:14:11'),(385,'Akhmeem',27,'2026-04-29 16:14:11','2026-04-29 16:14:11'),(386,'Akhmim El Gedida',27,'2026-04-29 16:14:11','2026-04-29 16:14:11'),(387,'Albalina',27,'2026-04-29 16:14:11','2026-04-29 16:14:11'),(388,'El Maragha',27,'2026-04-29 16:14:11','2026-04-29 16:14:11'),(389,'almunshaa',27,'2026-04-29 16:14:11','2026-04-29 16:14:11'),(390,'Dar AISalaam',27,'2026-04-29 16:14:11','2026-04-29 16:14:11'),(391,'Gerga',27,'2026-04-29 16:14:11','2026-04-29 16:14:11'),(392,'Jahina Al Gharbia',27,'2026-04-29 16:14:11','2026-04-29 16:14:11'),(393,'Saqilatuh',27,'2026-04-29 16:14:11','2026-04-29 16:14:11'),(394,'Tama',27,'2026-04-29 16:14:11','2026-04-29 16:14:11'),(395,'Tahta',27,'2026-04-29 16:14:11','2026-04-29 16:14:11'),(396,'Alkawthar',27,'2026-04-29 16:14:11','2026-04-29 16:14:11');
/*!40000 ALTER TABLE `cities` ENABLE KEYS */;
UNLOCK TABLES;

--
-- Table structure for table `comments`
--

DROP TABLE IF EXISTS `comments`;
/*!40101 SET @saved_cs_client     = @@character_set_client */;
/*!50503 SET character_set_client = utf8mb4 */;
CREATE TABLE `comments` (
  `id` int NOT NULL AUTO_INCREMENT,
  `content` text NOT NULL,
  `user_id` int NOT NULL,
  `item_id` int NOT NULL,
  `created_at` datetime NOT NULL DEFAULT CURRENT_TIMESTAMP,
  `updated_at` datetime NOT NULL DEFAULT CURRENT_TIMESTAMP ON UPDATE CURRENT_TIMESTAMP,
  PRIMARY KEY (`id`),
  KEY `user_id` (`user_id`),
  KEY `item_id` (`item_id`),
  CONSTRAINT `comments_ibfk_1` FOREIGN KEY (`user_id`) REFERENCES `users` (`id`) ON DELETE CASCADE,
  CONSTRAINT `comments_ibfk_2` FOREIGN KEY (`item_id`) REFERENCES `items` (`id`) ON DELETE CASCADE
) ENGINE=InnoDB AUTO_INCREMENT=4 DEFAULT CHARSET=utf8mb4 COLLATE=utf8mb4_0900_ai_ci;
/*!40101 SET character_set_client = @saved_cs_client */;

--
-- Dumping data for table `comments`
--

LOCK TABLES `comments` WRITE;
/*!40000 ALTER TABLE `comments` DISABLE KEYS */;
INSERT INTO `comments` VALUES (1,'Is this item still available?',1,28,'2026-04-29 13:14:35','2026-04-29 13:14:35'),(2,'I think this belongs to my friend.',2,28,'2026-04-29 13:14:35','2026-04-29 13:14:35'),(3,'Where did you find it exactly?',3,30,'2026-04-29 13:14:35','2026-04-29 13:14:35');
/*!40000 ALTER TABLE `comments` ENABLE KEYS */;
UNLOCK TABLES;

--
-- Table structure for table `governments`
--

DROP TABLE IF EXISTS `governments`;
/*!40101 SET @saved_cs_client     = @@character_set_client */;
/*!50503 SET character_set_client = utf8mb4 */;
CREATE TABLE `governments` (
  `id` int NOT NULL AUTO_INCREMENT,
  `name` varchar(255) NOT NULL,
  `created_at` datetime NOT NULL DEFAULT CURRENT_TIMESTAMP,
  `updated_at` datetime NOT NULL DEFAULT CURRENT_TIMESTAMP ON UPDATE CURRENT_TIMESTAMP,
  PRIMARY KEY (`id`),
  UNIQUE KEY `name` (`name`)
) ENGINE=InnoDB AUTO_INCREMENT=28 DEFAULT CHARSET=utf8mb4 COLLATE=utf8mb4_0900_ai_ci;
/*!40101 SET character_set_client = @saved_cs_client */;

--
-- Dumping data for table `governments`
--

LOCK TABLES `governments` WRITE;
/*!40000 ALTER TABLE `governments` DISABLE KEYS */;
INSERT INTO `governments` VALUES (1,'Cairo','2026-04-29 16:14:11','2026-04-29 16:14:11'),(2,'Giza','2026-04-29 16:14:11','2026-04-29 16:14:11'),(3,'Alexandria','2026-04-29 16:14:11','2026-04-29 16:14:11'),(4,'Dakahlia','2026-04-29 16:14:11','2026-04-29 16:14:11'),(5,'Red Sea','2026-04-29 16:14:11','2026-04-29 16:14:11'),(6,'Beheira','2026-04-29 16:14:11','2026-04-29 16:14:11'),(7,'Fayoum','2026-04-29 16:14:11','2026-04-29 16:14:11'),(8,'Gharbiya','2026-04-29 16:14:11','2026-04-29 16:14:11'),(9,'Ismailia','2026-04-29 16:14:11','2026-04-29 16:14:11'),(10,'Menofia','2026-04-29 16:14:11','2026-04-29 16:14:11'),(11,'Minya','2026-04-29 16:14:11','2026-04-29 16:14:11'),(12,'Qaliubiya','2026-04-29 16:14:11','2026-04-29 16:14:11'),(13,'New Valley','2026-04-29 16:14:11','2026-04-29 16:14:11'),(14,'Suez','2026-04-29 16:14:11','2026-04-29 16:14:11'),(15,'Aswan','2026-04-29 16:14:11','2026-04-29 16:14:11'),(16,'Assiut','2026-04-29 16:14:11','2026-04-29 16:14:11'),(17,'Beni Suef','2026-04-29 16:14:11','2026-04-29 16:14:11'),(18,'Port Said','2026-04-29 16:14:11','2026-04-29 16:14:11'),(19,'Damietta','2026-04-29 16:14:11','2026-04-29 16:14:11'),(20,'Sharkia','2026-04-29 16:14:11','2026-04-29 16:14:11'),(21,'South Sinai','2026-04-29 16:14:11','2026-04-29 16:14:11'),(22,'Kafr Al sheikh','2026-04-29 16:14:11','2026-04-29 16:14:11'),(23,'Matrouh','2026-04-29 16:14:11','2026-04-29 16:14:11'),(24,'Luxor','2026-04-29 16:14:11','2026-04-29 16:14:11'),(25,'Qena','2026-04-29 16:14:11','2026-04-29 16:14:11'),(26,'North Sinai','2026-04-29 16:14:11','2026-04-29 16:14:11'),(27,'Sohag','2026-04-29 16:14:11','2026-04-29 16:14:11');
/*!40000 ALTER TABLE `governments` ENABLE KEYS */;
UNLOCK TABLES;

--
-- Table structure for table `images`
--

DROP TABLE IF EXISTS `images`;
/*!40101 SET @saved_cs_client     = @@character_set_client */;
/*!50503 SET character_set_client = utf8mb4 */;
CREATE TABLE `images` (
  `id` int NOT NULL AUTO_INCREMENT,
  `url` varchar(255) NOT NULL,
  `public_id` varchar(255) NOT NULL,
  `owner_id` int NOT NULL,
  `owner_type` enum('user','item','product','review') NOT NULL,
  `created_at` datetime NOT NULL DEFAULT CURRENT_TIMESTAMP,
  `updated_at` datetime NOT NULL DEFAULT CURRENT_TIMESTAMP ON UPDATE CURRENT_TIMESTAMP,
  PRIMARY KEY (`id`)
) ENGINE=InnoDB AUTO_INCREMENT=99 DEFAULT CHARSET=utf8mb4 COLLATE=utf8mb4_0900_ai_ci;
/*!40101 SET character_set_client = @saved_cs_client */;

--
-- Dumping data for table `images`
--

LOCK TABLES `images` WRITE;
/*!40000 ALTER TABLE `images` DISABLE KEYS */;
INSERT INTO `images` VALUES (1,'https://res.cloudinary.com/dmesxpehg/image/upload/v1781630895/uploads/qsayuztjpazogmrb6irx.png','uploads/qsayuztjpazogmrb6irx',43,'product','2026-06-16 17:28:21','2026-06-16 17:28:21'),(2,'https://res.cloudinary.com/dmesxpehg/image/upload/v1781630980/uploads/bx5xwpqa7ik5zwgo5le5.png','uploads/bx5xwpqa7ik5zwgo5le5',44,'product','2026-06-16 17:29:45','2026-06-16 17:29:45'),(3,'https://res.cloudinary.com/dmesxpehg/image/upload/v1781630979/uploads/q6uk1ixdp0eze1mb5q2x.png','uploads/q6uk1ixdp0eze1mb5q2x',44,'product','2026-06-16 17:29:45','2026-06-16 17:29:45'),(4,'https://res.cloudinary.com/dmesxpehg/image/upload/v1781630979/uploads/vs1hrx0d9hzs43ozuyuz.png','uploads/vs1hrx0d9hzs43ozuyuz',44,'product','2026-06-16 17:29:45','2026-06-16 17:29:45'),(5,'https://res.cloudinary.com/dmesxpehg/image/upload/v1781631295/uploads/xsckb0l1mapmtszwzgdk.webp','uploads/xsckb0l1mapmtszwzgdk',26,'product','2026-06-16 17:35:01','2026-06-16 17:35:01'),(6,'https://res.cloudinary.com/dmesxpehg/image/upload/v1781631295/uploads/fopl8ssfj1qmmul95pu2.webp','uploads/fopl8ssfj1qmmul95pu2',26,'product','2026-06-16 17:35:01','2026-06-16 17:35:01'),(7,'https://res.cloudinary.com/dmesxpehg/image/upload/v1781631295/uploads/duvenvm6uoe4gjmsrvzh.webp','uploads/duvenvm6uoe4gjmsrvzh',26,'product','2026-06-16 17:35:01','2026-06-16 17:35:01'),(8,'https://res.cloudinary.com/dmesxpehg/image/upload/v1781631295/uploads/on1egawmrcmznm8t5zbo.webp','uploads/on1egawmrcmznm8t5zbo',26,'product','2026-06-16 17:35:01','2026-06-16 17:35:01'),(9,'https://res.cloudinary.com/dmesxpehg/image/upload/v1781631295/uploads/mvyrodjqy8bybcky2ysu.webp','uploads/mvyrodjqy8bybcky2ysu',26,'product','2026-06-16 17:35:01','2026-06-16 17:35:01'),(10,'https://res.cloudinary.com/dmesxpehg/image/upload/v1781631391/uploads/xzf4gwkjxrkwpowyqqtw.webp','uploads/xzf4gwkjxrkwpowyqqtw',31,'product','2026-06-16 17:36:36','2026-06-16 17:36:36'),(11,'https://res.cloudinary.com/dmesxpehg/image/upload/v1781631391/uploads/t4pxolhjkvgbldkoway7.webp','uploads/t4pxolhjkvgbldkoway7',31,'product','2026-06-16 17:36:36','2026-06-16 17:36:36'),(12,'https://res.cloudinary.com/dmesxpehg/image/upload/v1781631391/uploads/v5wxxqnyr64zolu5n5xz.webp','uploads/v5wxxqnyr64zolu5n5xz',31,'product','2026-06-16 17:36:36','2026-06-16 17:36:36'),(13,'https://res.cloudinary.com/dmesxpehg/image/upload/v1781631391/uploads/rlddxp2271q9uku6tyzp.webp','uploads/rlddxp2271q9uku6tyzp',31,'product','2026-06-16 17:36:36','2026-06-16 17:36:36'),(14,'https://res.cloudinary.com/dmesxpehg/image/upload/v1781631391/uploads/bxmdzplow9aecaxyvote.webp','uploads/bxmdzplow9aecaxyvote',31,'product','2026-06-16 17:36:36','2026-06-16 17:36:36'),(15,'https://res.cloudinary.com/dmesxpehg/image/upload/v1781631391/uploads/x2mdvb8twovzyztbnbla.webp','uploads/x2mdvb8twovzyztbnbla',31,'product','2026-06-16 17:36:36','2026-06-16 17:36:36'),(16,'https://res.cloudinary.com/dmesxpehg/image/upload/v1781631410/uploads/pwalnt3alvopn0yx5dbc.webp','uploads/pwalnt3alvopn0yx5dbc',32,'product','2026-06-16 17:36:55','2026-06-16 17:36:55'),(17,'https://res.cloudinary.com/dmesxpehg/image/upload/v1781631410/uploads/cnhztwmj5satqrsaioqw.webp','uploads/cnhztwmj5satqrsaioqw',32,'product','2026-06-16 17:36:55','2026-06-16 17:36:55'),(18,'https://res.cloudinary.com/dmesxpehg/image/upload/v1781631410/uploads/vshv5m1qptldv6xw3qkj.webp','uploads/vshv5m1qptldv6xw3qkj',32,'product','2026-06-16 17:36:55','2026-06-16 17:36:55'),(19,'https://res.cloudinary.com/dmesxpehg/image/upload/v1781631410/uploads/wvhfnry7navupefj2fii.webp','uploads/wvhfnry7navupefj2fii',32,'product','2026-06-16 17:36:55','2026-06-16 17:36:55'),(20,'https://res.cloudinary.com/dmesxpehg/image/upload/v1781631409/uploads/wp3euanyybkry0fqnvbu.webp','uploads/wp3euanyybkry0fqnvbu',32,'product','2026-06-16 17:36:55','2026-06-16 17:36:55'),(21,'https://res.cloudinary.com/dmesxpehg/image/upload/v1781631441/uploads/mutaqkggmfsss49ja8yv.webp','uploads/mutaqkggmfsss49ja8yv',34,'product','2026-06-16 17:37:27','2026-06-16 17:37:27'),(22,'https://res.cloudinary.com/dmesxpehg/image/upload/v1781631442/uploads/klve4o6cb0uldhytq4fz.webp','uploads/klve4o6cb0uldhytq4fz',34,'product','2026-06-16 17:37:27','2026-06-16 17:37:27'),(23,'https://res.cloudinary.com/dmesxpehg/image/upload/v1781631748/uploads/h6tq9syfwq5nuvce0oms.webp','uploads/h6tq9syfwq5nuvce0oms',45,'product','2026-06-16 17:42:33','2026-06-16 17:42:33'),(24,'https://res.cloudinary.com/dmesxpehg/image/upload/v1781631748/uploads/wxmtryohbpkcoz1vdbbv.webp','uploads/wxmtryohbpkcoz1vdbbv',45,'product','2026-06-16 17:42:33','2026-06-16 17:42:33'),(25,'https://res.cloudinary.com/dmesxpehg/image/upload/v1781631748/uploads/eygma5ngoh3owmqzsb7m.webp','uploads/eygma5ngoh3owmqzsb7m',45,'product','2026-06-16 17:42:33','2026-06-16 17:42:33'),(26,'https://res.cloudinary.com/dmesxpehg/image/upload/v1781631748/uploads/ejbyf3mrzqvoadcmscbl.webp','uploads/ejbyf3mrzqvoadcmscbl',45,'product','2026-06-16 17:42:33','2026-06-16 17:42:33'),(27,'https://res.cloudinary.com/dmesxpehg/image/upload/v1781631883/uploads/lihmsohkwcmjkjq3simu.webp','uploads/lihmsohkwcmjkjq3simu',46,'product','2026-06-16 17:44:48','2026-06-16 17:44:48'),(28,'https://res.cloudinary.com/dmesxpehg/image/upload/v1781631883/uploads/rspsyn4ievainyiqsumx.webp','uploads/rspsyn4ievainyiqsumx',46,'product','2026-06-16 17:44:48','2026-06-16 17:44:48'),(29,'https://res.cloudinary.com/dmesxpehg/image/upload/v1781631883/uploads/two8wypvgulyl9iednqj.webp','uploads/two8wypvgulyl9iednqj',46,'product','2026-06-16 17:44:48','2026-06-16 17:44:48'),(30,'https://res.cloudinary.com/dmesxpehg/image/upload/v1781631982/uploads/kjemioxiyvhyr2bsnqan.webp','uploads/kjemioxiyvhyr2bsnqan',47,'product','2026-06-16 17:46:28','2026-06-16 17:46:28'),(31,'https://res.cloudinary.com/dmesxpehg/image/upload/v1781631983/uploads/slnnc6mxszghdhtb8tds.webp','uploads/slnnc6mxszghdhtb8tds',47,'product','2026-06-16 17:46:28','2026-06-16 17:46:28'),(32,'https://res.cloudinary.com/dmesxpehg/image/upload/v1781631982/uploads/uz9uyf6uymz9dzdijk8e.webp','uploads/uz9uyf6uymz9dzdijk8e',47,'product','2026-06-16 17:46:28','2026-06-16 17:46:28'),(33,'https://res.cloudinary.com/dmesxpehg/image/upload/v1781631982/uploads/qgbqlamjjylnwbocne1f.webp','uploads/qgbqlamjjylnwbocne1f',47,'product','2026-06-16 17:46:28','2026-06-16 17:46:28'),(34,'https://res.cloudinary.com/dmesxpehg/image/upload/v1781632247/uploads/toziswfkhy3slqud0tsy.jpg','uploads/toziswfkhy3slqud0tsy',48,'product','2026-06-16 17:50:52','2026-06-16 17:50:52'),(35,'https://res.cloudinary.com/dmesxpehg/image/upload/v1781632247/uploads/prsm7gttwz3f8pkxyvs9.webp','uploads/prsm7gttwz3f8pkxyvs9',48,'product','2026-06-16 17:50:52','2026-06-16 17:50:52'),(36,'https://res.cloudinary.com/dmesxpehg/image/upload/v1781632247/uploads/svps093radkzpwatrfd6.webp','uploads/svps093radkzpwatrfd6',48,'product','2026-06-16 17:50:52','2026-06-16 17:50:52'),(37,'https://res.cloudinary.com/dmesxpehg/image/upload/v1781632247/uploads/djpazu4hubhez4pv7g9x.webp','uploads/djpazu4hubhez4pv7g9x',48,'product','2026-06-16 17:50:52','2026-06-16 17:50:52'),(38,'https://res.cloudinary.com/dmesxpehg/image/upload/v1781632247/uploads/kcbtoztlk36nenuuqxlc.webp','uploads/kcbtoztlk36nenuuqxlc',48,'product','2026-06-16 17:50:52','2026-06-16 17:50:52'),(39,'https://res.cloudinary.com/dmesxpehg/image/upload/v1781632572/uploads/idxz02vbut2zvt2mwmso.webp','uploads/idxz02vbut2zvt2mwmso',49,'product','2026-06-16 17:56:18','2026-06-16 17:56:18'),(40,'https://res.cloudinary.com/dmesxpehg/image/upload/v1781632572/uploads/iwqoil3g8n4ur9pv5skf.webp','uploads/iwqoil3g8n4ur9pv5skf',49,'product','2026-06-16 17:56:18','2026-06-16 17:56:18'),(41,'https://res.cloudinary.com/dmesxpehg/image/upload/v1781632572/uploads/thiqs84ulmitrj04ezs4.webp','uploads/thiqs84ulmitrj04ezs4',49,'product','2026-06-16 17:56:18','2026-06-16 17:56:18'),(42,'https://res.cloudinary.com/dmesxpehg/image/upload/v1781632572/uploads/ucbbbbmx5fk6waamup1x.webp','uploads/ucbbbbmx5fk6waamup1x',49,'product','2026-06-16 17:56:18','2026-06-16 17:56:18'),(43,'https://res.cloudinary.com/dmesxpehg/image/upload/v1781632572/uploads/z5zy3wpnlpwizbzx6sqc.webp','uploads/z5zy3wpnlpwizbzx6sqc',49,'product','2026-06-16 17:56:18','2026-06-16 17:56:18'),(44,'https://res.cloudinary.com/dmesxpehg/image/upload/v1781632572/uploads/e0zyavjou3zw1ltobmab.webp','uploads/e0zyavjou3zw1ltobmab',49,'product','2026-06-16 17:56:18','2026-06-16 17:56:18'),(45,'https://res.cloudinary.com/dmesxpehg/image/upload/v1781632572/uploads/qqvbeu9mgha1pazwlpw7.webp','uploads/qqvbeu9mgha1pazwlpw7',49,'product','2026-06-16 17:56:18','2026-06-16 17:56:18'),(46,'https://res.cloudinary.com/dmesxpehg/image/upload/v1781632572/uploads/b1kc5bikmabwwfk0nxah.webp','uploads/b1kc5bikmabwwfk0nxah',49,'product','2026-06-16 17:56:18','2026-06-16 17:56:18'),(47,'https://res.cloudinary.com/dmesxpehg/image/upload/v1781632572/uploads/wpzznjxwlmduf61dvv7u.webp','uploads/wpzznjxwlmduf61dvv7u',49,'product','2026-06-16 17:56:18','2026-06-16 17:56:18'),(48,'https://res.cloudinary.com/dmesxpehg/image/upload/v1781632573/uploads/svrdrn3mkaeklmdyxerf.webp','uploads/svrdrn3mkaeklmdyxerf',49,'product','2026-06-16 17:56:18','2026-06-16 17:56:18'),(49,'https://res.cloudinary.com/dmesxpehg/image/upload/v1781632651/uploads/nzzz79pjdoilarahvvlp.webp','uploads/nzzz79pjdoilarahvvlp',50,'product','2026-06-16 17:57:38','2026-06-16 17:57:38'),(50,'https://res.cloudinary.com/dmesxpehg/image/upload/v1781632653/uploads/o1iuuyzrbmovxq1uqund.webp','uploads/o1iuuyzrbmovxq1uqund',50,'product','2026-06-16 17:57:38','2026-06-16 17:57:38'),(51,'https://res.cloudinary.com/dmesxpehg/image/upload/v1781632652/uploads/a6skapf3fcibd9tmz2zk.webp','uploads/a6skapf3fcibd9tmz2zk',50,'product','2026-06-16 17:57:38','2026-06-16 17:57:38'),(52,'https://res.cloudinary.com/dmesxpehg/image/upload/v1781632652/uploads/bq8z3ffipndq2pdbamxk.webp','uploads/bq8z3ffipndq2pdbamxk',50,'product','2026-06-16 17:57:38','2026-06-16 17:57:38'),(53,'https://res.cloudinary.com/dmesxpehg/image/upload/v1781699676/uploads/eftkkuvbpetkkfcv2xdo.webp','uploads/eftkkuvbpetkkfcv2xdo',51,'product','2026-06-17 12:34:37','2026-06-17 12:34:37'),(54,'https://res.cloudinary.com/dmesxpehg/image/upload/v1781699676/uploads/kzllgvtnzkvegxe0smmc.webp','uploads/kzllgvtnzkvegxe0smmc',51,'product','2026-06-17 12:34:37','2026-06-17 12:34:37'),(55,'https://res.cloudinary.com/dmesxpehg/image/upload/v1781699676/uploads/qpkguga8gxmrhqishux0.webp','uploads/qpkguga8gxmrhqishux0',51,'product','2026-06-17 12:34:37','2026-06-17 12:34:37'),(56,'https://res.cloudinary.com/dmesxpehg/image/upload/v1781699815/uploads/asgargyux9rfsizjoxgf.jpg','uploads/asgargyux9rfsizjoxgf',52,'product','2026-06-17 12:36:57','2026-06-17 12:36:57'),(57,'https://res.cloudinary.com/dmesxpehg/image/upload/v1781699815/uploads/ipbfkfl9zsrhttomsjio.jpg','uploads/ipbfkfl9zsrhttomsjio',52,'product','2026-06-17 12:36:57','2026-06-17 12:36:57'),(58,'https://res.cloudinary.com/dmesxpehg/image/upload/v1781699816/uploads/xjtjspw15padonwkrceu.jpg','uploads/xjtjspw15padonwkrceu',52,'product','2026-06-17 12:36:57','2026-06-17 12:36:57'),(59,'https://res.cloudinary.com/dmesxpehg/image/upload/v1781699815/uploads/xenbajwupi6paieqrchx.jpg','uploads/xenbajwupi6paieqrchx',52,'product','2026-06-17 12:36:57','2026-06-17 12:36:57'),(60,'https://res.cloudinary.com/dmesxpehg/image/upload/v1781699883/uploads/ifjna0cp2kxaq1tvklcc.jpg','uploads/ifjna0cp2kxaq1tvklcc',53,'product','2026-06-17 12:38:03','2026-06-17 12:38:03'),(61,'https://res.cloudinary.com/dmesxpehg/image/upload/v1781699883/uploads/jtkjsuirbn2jqxtoznp6.jpg','uploads/jtkjsuirbn2jqxtoznp6',53,'product','2026-06-17 12:38:03','2026-06-17 12:38:03'),(62,'https://res.cloudinary.com/dmesxpehg/image/upload/v1781699938/uploads/ldgmwb8bqf9a2l6eploi.jpg','uploads/ldgmwb8bqf9a2l6eploi',54,'product','2026-06-17 12:38:59','2026-06-17 12:38:59'),(63,'https://res.cloudinary.com/dmesxpehg/image/upload/v1781700010/uploads/u7gagfgxk3avhias0wax.jpg','uploads/u7gagfgxk3avhias0wax',55,'product','2026-06-17 12:40:11','2026-06-17 12:40:11'),(64,'https://res.cloudinary.com/dmesxpehg/image/upload/v1781700011/uploads/t4wzmudqbppbct8axnwb.jpg','uploads/t4wzmudqbppbct8axnwb',55,'product','2026-06-17 12:40:11','2026-06-17 12:40:11'),(65,'https://res.cloudinary.com/dmesxpehg/image/upload/v1781700075/uploads/okaf0e14oszlq7zhwonw.jpg','uploads/okaf0e14oszlq7zhwonw',56,'product','2026-06-17 12:41:16','2026-06-17 12:41:16'),(66,'https://res.cloudinary.com/dmesxpehg/image/upload/v1781700075/uploads/natpewmp8jmuiasvqetw.jpg','uploads/natpewmp8jmuiasvqetw',56,'product','2026-06-17 12:41:16','2026-06-17 12:41:16'),(67,'https://res.cloudinary.com/dmesxpehg/image/upload/v1781700075/uploads/nxvinnohh4ivnvjpaiby.jpg','uploads/nxvinnohh4ivnvjpaiby',56,'product','2026-06-17 12:41:16','2026-06-17 12:41:16'),(68,'https://res.cloudinary.com/dmesxpehg/image/upload/v1781700120/uploads/bapzxwmfv7rkx2jrvrxr.jpg','uploads/bapzxwmfv7rkx2jrvrxr',57,'product','2026-06-17 12:42:01','2026-06-17 12:42:01'),(69,'https://res.cloudinary.com/dmesxpehg/image/upload/v1781700120/uploads/m93apzns8qmhhftilxdo.jpg','uploads/m93apzns8qmhhftilxdo',57,'product','2026-06-17 12:42:01','2026-06-17 12:42:01'),(70,'https://res.cloudinary.com/dmesxpehg/image/upload/v1781700241/uploads/kadmmcstrhcznlhtnaq8.jpg','uploads/kadmmcstrhcznlhtnaq8',58,'product','2026-06-17 12:44:02','2026-06-17 12:44:02'),(71,'https://res.cloudinary.com/dmesxpehg/image/upload/v1781700241/uploads/mhcoucdtu0it4linhu6j.jpg','uploads/mhcoucdtu0it4linhu6j',58,'product','2026-06-17 12:44:02','2026-06-17 12:44:02'),(72,'https://res.cloudinary.com/dmesxpehg/image/upload/v1781700241/uploads/e5pemx1t6amdolx39etz.jpg','uploads/e5pemx1t6amdolx39etz',58,'product','2026-06-17 12:44:02','2026-06-17 12:44:02'),(73,'https://res.cloudinary.com/dmesxpehg/image/upload/v1781700241/uploads/pxpsb7inai27dafnhrle.jpg','uploads/pxpsb7inai27dafnhrle',58,'product','2026-06-17 12:44:02','2026-06-17 12:44:02'),(74,'https://res.cloudinary.com/dmesxpehg/image/upload/v1781700354/uploads/skv6ks1muxuxwm5iw9dm.jpg','uploads/skv6ks1muxuxwm5iw9dm',59,'product','2026-06-17 12:45:54','2026-06-17 12:45:54'),(75,'https://res.cloudinary.com/dmesxpehg/image/upload/v1781700353/uploads/dkgsmxyt3ih7jmxnybmi.jpg','uploads/dkgsmxyt3ih7jmxnybmi',59,'product','2026-06-17 12:45:54','2026-06-17 12:45:54'),(76,'https://res.cloudinary.com/dmesxpehg/image/upload/v1781700354/uploads/kbqyldqaujlcpldjfxkk.jpg','uploads/kbqyldqaujlcpldjfxkk',59,'product','2026-06-17 12:45:54','2026-06-17 12:45:54'),(77,'https://res.cloudinary.com/dmesxpehg/image/upload/v1781700395/uploads/ro4dbxypb1r3bi31aakp.jpg','uploads/ro4dbxypb1r3bi31aakp',60,'product','2026-06-17 12:46:35','2026-06-17 12:46:35'),(78,'https://res.cloudinary.com/dmesxpehg/image/upload/v1781700395/uploads/lcb4aokxchgs9l7y0yl2.jpg','uploads/lcb4aokxchgs9l7y0yl2',60,'product','2026-06-17 12:46:35','2026-06-17 12:46:35'),(79,'https://res.cloudinary.com/dmesxpehg/image/upload/v1781700427/uploads/ipuh07j7kxpedmmhry1z.jpg','uploads/ipuh07j7kxpedmmhry1z',61,'product','2026-06-17 12:47:08','2026-06-17 12:47:08'),(80,'https://res.cloudinary.com/dmesxpehg/image/upload/v1781700427/uploads/qkxfjzkrvs2cjkhx8nr0.jpg','uploads/qkxfjzkrvs2cjkhx8nr0',61,'product','2026-06-17 12:47:08','2026-06-17 12:47:08'),(81,'https://res.cloudinary.com/dmesxpehg/image/upload/v1781700462/uploads/knqrd4gduwyrk40eheib.jpg','uploads/knqrd4gduwyrk40eheib',62,'product','2026-06-17 12:47:42','2026-06-17 12:47:42'),(82,'https://res.cloudinary.com/dmesxpehg/image/upload/v1781700509/uploads/d2ikym8dywjvxq1uja0n.jpg','uploads/d2ikym8dywjvxq1uja0n',63,'product','2026-06-17 12:48:29','2026-06-17 12:48:29'),(83,'https://res.cloudinary.com/dmesxpehg/image/upload/v1781700509/uploads/rrauspuxrr50bnq4wdm1.jpg','uploads/rrauspuxrr50bnq4wdm1',63,'product','2026-06-17 12:48:29','2026-06-17 12:48:29'),(84,'https://res.cloudinary.com/dmesxpehg/image/upload/v1781700509/uploads/omvkjl1vpdvvmfbjdkai.jpg','uploads/omvkjl1vpdvvmfbjdkai',63,'product','2026-06-17 12:48:29','2026-06-17 12:48:29'),(85,'https://res.cloudinary.com/dmesxpehg/image/upload/v1781700648/uploads/jr6b2tqlpcovupo1s6cx.jpg','uploads/jr6b2tqlpcovupo1s6cx',64,'product','2026-06-17 12:50:48','2026-06-17 12:50:48'),(86,'https://res.cloudinary.com/dmesxpehg/image/upload/v1781700648/uploads/sculdaf4hsz1ygoosqe5.jpg','uploads/sculdaf4hsz1ygoosqe5',64,'product','2026-06-17 12:50:48','2026-06-17 12:50:48'),(87,'https://res.cloudinary.com/dmesxpehg/image/upload/v1781700703/uploads/scmxsfzdnjkyxlcd74ba.jpg','uploads/scmxsfzdnjkyxlcd74ba',65,'product','2026-06-17 12:51:44','2026-06-17 12:51:44'),(88,'https://res.cloudinary.com/dmesxpehg/image/upload/v1781700703/uploads/fhrz6hikddzfyohxs7ce.jpg','uploads/fhrz6hikddzfyohxs7ce',65,'product','2026-06-17 12:51:44','2026-06-17 12:51:44'),(89,'https://res.cloudinary.com/dmesxpehg/image/upload/v1781700752/uploads/cmmzoz4bqeetxctj620w.webp','uploads/cmmzoz4bqeetxctj620w',66,'product','2026-06-17 12:52:32','2026-06-17 12:52:32'),(90,'https://res.cloudinary.com/dmesxpehg/image/upload/v1781700752/uploads/i7phbdcevuqlergyaae5.webp','uploads/i7phbdcevuqlergyaae5',66,'product','2026-06-17 12:52:32','2026-06-17 12:52:32'),(91,'https://res.cloudinary.com/dmesxpehg/image/upload/v1781700752/uploads/ev4o0bvnyegkez8en8jf.webp','uploads/ev4o0bvnyegkez8en8jf',66,'product','2026-06-17 12:52:32','2026-06-17 12:52:32'),(92,'https://res.cloudinary.com/dmesxpehg/image/upload/v1781700752/uploads/q4vtnhpcmdih9tpahxmj.webp','uploads/q4vtnhpcmdih9tpahxmj',66,'product','2026-06-17 12:52:32','2026-06-17 12:52:32'),(93,'https://res.cloudinary.com/dmesxpehg/image/upload/v1781700794/uploads/s0iicc2gftjtzvomgwoo.webp','uploads/s0iicc2gftjtzvomgwoo',67,'product','2026-06-17 12:53:15','2026-06-17 12:53:15'),(94,'https://res.cloudinary.com/dmesxpehg/image/upload/v1781700795/uploads/dwbf6ceotokixzi6jnsi.webp','uploads/dwbf6ceotokixzi6jnsi',67,'product','2026-06-17 12:53:15','2026-06-17 12:53:15'),(95,'https://res.cloudinary.com/dmesxpehg/image/upload/v1781700794/uploads/xdlo9pppps6sazc1yt4m.webp','uploads/xdlo9pppps6sazc1yt4m',67,'product','2026-06-17 12:53:15','2026-06-17 12:53:15'),(96,'https://res.cloudinary.com/dmesxpehg/image/upload/v1781700829/uploads/lbuuen2ppfym18iz8xsk.jpg','uploads/lbuuen2ppfym18iz8xsk',68,'product','2026-06-17 12:53:49','2026-06-17 12:53:49'),(97,'https://res.cloudinary.com/dmesxpehg/image/upload/v1781700829/uploads/rb2w8yndtmommo8ew1je.webp','uploads/rb2w8yndtmommo8ew1je',68,'product','2026-06-17 12:53:49','2026-06-17 12:53:49'),(98,'https://res.cloudinary.com/dmesxpehg/image/upload/v1781700829/uploads/fnfca0viaiui5oq6phgr.jpg','uploads/fnfca0viaiui5oq6phgr',68,'product','2026-06-17 12:53:49','2026-06-17 12:53:49');
/*!40000 ALTER TABLE `images` ENABLE KEYS */;
UNLOCK TABLES;

--
-- Table structure for table `itemcategories`
--

DROP TABLE IF EXISTS `itemcategories`;
/*!40101 SET @saved_cs_client     = @@character_set_client */;
/*!50503 SET character_set_client = utf8mb4 */;
CREATE TABLE `itemcategories` (
  `id` int NOT NULL AUTO_INCREMENT,
  `name` varchar(255) NOT NULL,
  `created_at` datetime NOT NULL DEFAULT CURRENT_TIMESTAMP,
  `updated_at` datetime NOT NULL DEFAULT CURRENT_TIMESTAMP ON UPDATE CURRENT_TIMESTAMP,
  PRIMARY KEY (`id`),
  UNIQUE KEY `name` (`name`)
) ENGINE=InnoDB AUTO_INCREMENT=11 DEFAULT CHARSET=utf8mb4 COLLATE=utf8mb4_0900_ai_ci;
/*!40101 SET character_set_client = @saved_cs_client */;

--
-- Dumping data for table `itemcategories`
--

LOCK TABLES `itemcategories` WRITE;
/*!40000 ALTER TABLE `itemcategories` DISABLE KEYS */;
INSERT INTO `itemcategories` VALUES (1,'Electronics','2026-04-29 13:14:35','2026-04-29 13:14:35'),(2,'Clothing','2026-04-29 13:14:35','2026-04-29 13:14:35'),(3,'Shoes','2026-04-29 13:14:35','2026-04-29 13:14:35'),(4,'Accessories','2026-04-29 13:14:35','2026-04-29 13:14:35'),(5,'Home Appliances','2026-04-29 13:14:35','2026-04-29 13:14:35'),(6,'Books','2026-04-29 13:14:35','2026-04-29 13:14:35'),(7,'Sports','2026-04-29 13:14:35','2026-04-29 13:14:35'),(8,'Beauty & Health','2026-04-29 13:14:35','2026-04-29 13:14:35'),(9,'Toys','2026-04-29 13:14:35','2026-04-29 13:14:35'),(10,'Groceries','2026-04-29 13:14:35','2026-04-29 13:14:35');
/*!40000 ALTER TABLE `itemcategories` ENABLE KEYS */;
UNLOCK TABLES;

--
-- Table structure for table `items`
--

DROP TABLE IF EXISTS `items`;
/*!40101 SET @saved_cs_client     = @@character_set_client */;
/*!50503 SET character_set_client = utf8mb4 */;
CREATE TABLE `items` (
  `id` int NOT NULL AUTO_INCREMENT,
  `title` varchar(255) NOT NULL,
  `government_id` int DEFAULT NULL,
  `city_id` int DEFAULT NULL,
  `place` varchar(255) NOT NULL,
  `date` date NOT NULL,
  `type` enum('lost','found') NOT NULL,
  `description` text,
  `user_id` int NOT NULL,
  `item_category_id` int DEFAULT NULL,
  `created_at` datetime NOT NULL DEFAULT CURRENT_TIMESTAMP,
  `updated_at` datetime NOT NULL DEFAULT CURRENT_TIMESTAMP ON UPDATE CURRENT_TIMESTAMP,
  `latitude` decimal(10,8) DEFAULT NULL,
  `longitude` decimal(11,8) DEFAULT NULL,
  PRIMARY KEY (`id`),
  KEY `government_id` (`government_id`),
  KEY `city_id` (`city_id`),
  KEY `user_id` (`user_id`),
  KEY `item_category_id` (`item_category_id`),
  CONSTRAINT `items_ibfk_1` FOREIGN KEY (`government_id`) REFERENCES `governments` (`id`),
  CONSTRAINT `items_ibfk_2` FOREIGN KEY (`city_id`) REFERENCES `cities` (`id`),
  CONSTRAINT `items_ibfk_3` FOREIGN KEY (`user_id`) REFERENCES `users` (`id`) ON DELETE CASCADE ON UPDATE CASCADE,
  CONSTRAINT `items_ibfk_4` FOREIGN KEY (`item_category_id`) REFERENCES `itemcategories` (`id`) ON DELETE CASCADE ON UPDATE CASCADE
) ENGINE=InnoDB AUTO_INCREMENT=31 DEFAULT CHARSET=utf8mb4 COLLATE=utf8mb4_0900_ai_ci;
/*!40101 SET character_set_client = @saved_cs_client */;

--
-- Dumping data for table `items`
--

LOCK TABLES `items` WRITE;
/*!40000 ALTER TABLE `items` DISABLE KEYS */;
INSERT INTO `items` VALUES (1,'Lost Wallet',1,3,'cafe','2025-03-14','lost','Black leather wallet with several cards',1,4,'2026-04-29 13:14:35','2026-04-29 13:14:35',NULL,NULL),(2,'Found Mobile Phone',1,1,'street','2025-05-09','found','Samsung phone found near the beach',2,1,'2026-04-29 13:14:35','2026-04-29 13:14:35',NULL,NULL),(3,'Lost Backpack',2,58,'public_transport','2025-02-01','lost','Blue backpack with laptop inside',3,2,'2026-04-29 13:14:35','2026-04-29 13:14:35',NULL,NULL),(4,'Found Keys',2,60,'school','2026-01-08','found','House keys with red keychain',4,4,'2026-04-29 13:14:35','2026-04-29 13:14:35',NULL,NULL),(5,'Lost Watch',2,70,'university','2023-12-05','lost','Silver wrist watch, brand unknown',5,4,'2026-04-29 13:14:35','2026-04-29 13:14:35',NULL,NULL),(6,'Found Headphones',8,192,'mall','2024-09-14','found','Wireless black headphones',1,1,'2026-04-29 13:14:35','2026-04-29 13:14:35',NULL,NULL),(7,'Lost ID Card',8,194,'restaurant','2025-09-20','lost','National ID card issued in Gharbia',2,6,'2026-04-29 13:14:35','2026-04-29 13:14:35',NULL,NULL),(8,'Found Sunglasses',8,199,'hospital','2025-05-03','found','Brown sunglasses found in a cafe',3,4,'2026-04-29 13:14:35','2026-04-29 13:14:35',NULL,NULL),(9,'Lost Jacket',22,334,'bank','2025-12-31','lost','Black winter jacket size L',4,2,'2026-04-29 13:14:35','2026-04-29 13:14:35',NULL,NULL),(10,'Found Power Bank',22,335,'office','2025-08-08','found','White power bank, 20000mAh',5,1,'2026-04-29 13:14:35','2026-04-29 13:14:35',NULL,NULL),(11,'Lost Wallet',22,340,'gym','2025-01-10','lost','Brown leather wallet with multiple cards and some cash',6,4,'2026-04-29 13:14:35','2026-04-29 13:14:35',NULL,NULL),(12,'Found Backpack',20,306,'park','2025-02-05','found','Grey backpack with school books inside',7,2,'2026-04-29 13:14:35','2026-04-29 13:14:35',NULL,NULL),(13,'Lost Mobile Phone',20,311,'cinema','2026-01-08','lost','iPhone 13, black color, no case',8,1,'2026-04-29 13:14:35','2026-04-29 13:14:35',NULL,NULL),(14,'Found Wallet',20,320,'theater','2024-11-08','found','Black wallet with a few cards, no cash',9,4,'2026-04-29 13:14:35','2026-04-29 13:14:35',NULL,NULL),(15,'Lost Keys',3,120,'bus_station','2023-01-22','lost','House keys with blue keychain',10,4,'2026-04-29 13:14:35','2026-04-29 13:14:35',NULL,NULL),(16,'Found Watch',3,121,'metro_station','2024-12-23','found','Silver wrist watch with leather strap',6,4,'2026-04-29 13:14:35','2026-04-29 13:14:35',NULL,NULL),(17,'Lost Headphones',3,123,'metro_station','2025-01-05','lost','Wireless black headphones with noise cancellation',7,1,'2026-04-29 13:14:35','2026-04-29 13:14:35',NULL,NULL),(18,'Found ID Card',15,254,'metro_station','2025-02-11','found','National ID card issued in Aswan',8,6,'2026-04-29 13:14:35','2026-04-29 13:14:35',NULL,NULL),(19,'Lost Sunglasses',15,255,'train_station','2026-01-26','lost','Brown aviator sunglasses with metal frame',9,4,'2026-04-29 13:14:35','2026-04-29 13:14:35',NULL,NULL),(20,'Found Jacket',15,256,'train_station','2022-02-08','found','Black winter jacket size M, lightly worn',10,2,'2026-04-29 13:14:35','2026-04-29 13:14:35',NULL,NULL),(21,'Lost Power Bank',16,266,'train_station','2025-07-08','lost','White power bank, 20000mAh capacity',6,1,'2026-04-29 13:14:35','2026-04-29 13:14:35',NULL,NULL),(22,'Found Backpack',16,267,'airport','2025-07-26','found','Red backpack with school notebooks',7,2,'2026-04-29 13:14:35','2026-04-29 13:14:35',NULL,NULL),(23,'Lost Wallet',16,268,'airport','2025-07-29','lost','Small black wallet with coins and a few credit cards',8,4,'2026-04-29 13:14:35','2026-04-29 13:14:35',NULL,NULL),(24,'Found Mobile Phone',16,269,'taxi','2025-05-30','found','Samsung Galaxy A12, black color',9,1,'2026-04-29 13:14:35','2026-04-29 13:14:35',NULL,NULL),(25,'Lost Keys',6,170,'taxi','2025-02-28','lost','Car keys with a red keychain and remote',10,4,'2026-04-29 13:14:35','2026-04-29 13:14:35',NULL,NULL),(26,'Found Watch',6,171,'taxi','2025-04-01','found','Gold-colored wrist watch, brand unknown',6,4,'2026-04-29 13:14:35','2026-04-29 13:14:35',NULL,NULL),(27,'Lost Headphones',6,172,'supermarket','2025-07-01','lost','Over-ear black headphones, wireless',7,1,'2026-04-29 13:14:35','2026-04-29 13:14:35',NULL,NULL),(28,'Found Sunglasses',17,280,'supermarket','2025-09-25','found','Round brown sunglasses, lightly scratched',8,4,'2026-04-29 13:14:35','2026-04-29 13:14:35',NULL,NULL),(29,'Lost Jacket',17,281,'supermarket','2025-06-02','lost','Blue denim jacket, size L',9,2,'2026-04-29 13:14:35','2026-04-29 13:14:35',NULL,NULL),(30,'Found Power Bank',17,282,'stadium','2025-01-01','found','Black power bank, 10000mAh',10,1,'2026-04-29 13:14:35','2026-04-29 13:14:35',NULL,NULL);
/*!40000 ALTER TABLE `items` ENABLE KEYS */;
UNLOCK TABLES;

--
-- Table structure for table `messages`
--

DROP TABLE IF EXISTS `messages`;
/*!40101 SET @saved_cs_client     = @@character_set_client */;
/*!50503 SET character_set_client = utf8mb4 */;
CREATE TABLE `messages` (
  `id` int NOT NULL AUTO_INCREMENT,
  `chat_id` int NOT NULL,
  `sender_id` int NOT NULL,
  `content` text NOT NULL,
  `is_read` tinyint(1) DEFAULT '0',
  `created_at` datetime DEFAULT CURRENT_TIMESTAMP,
  PRIMARY KEY (`id`),
  KEY `chat_id` (`chat_id`),
  KEY `sender_id` (`sender_id`),
  CONSTRAINT `messages_ibfk_1` FOREIGN KEY (`chat_id`) REFERENCES `chats` (`id`) ON DELETE CASCADE,
  CONSTRAINT `messages_ibfk_2` FOREIGN KEY (`sender_id`) REFERENCES `users` (`id`)
) ENGINE=InnoDB AUTO_INCREMENT=31 DEFAULT CHARSET=utf8mb4 COLLATE=utf8mb4_0900_ai_ci;
/*!40101 SET character_set_client = @saved_cs_client */;

--
-- Dumping data for table `messages`
--

LOCK TABLES `messages` WRITE;
/*!40000 ALTER TABLE `messages` DISABLE KEYS */;
INSERT INTO `messages` VALUES (1,2,1,'Hi, I think I might have seen your lost wallet near Tahrir Square earlier today. It looked just like the picture you uploaded, so I picked it up for you.',0,'2026-04-29 13:14:35'),(2,1,2,'Oh wow, really? Thank you so much! Where can we meet so I can collect it from you?',0,'2026-04-29 13:14:35'),(3,4,3,'I found a phone that might belong to you. The color and model match what you described in your post. I can drop it off at a safe place for you.',0,'2026-04-29 13:14:35'),(4,3,4,'That’s perfect! I appreciate it. I can meet you at the coffee shop near your area to pick it up.',0,'2026-04-29 13:14:35'),(5,1,5,'Is this backpack blue with a laptop inside? I found one near the metro station and it looks important.',0,'2026-04-29 13:14:35'),(6,5,1,'Yes! That’s mine. Thank you for keeping it safe. I can come by your place to get it whenever you’re free.',0,'2026-04-29 13:14:35'),(7,3,2,'I found some keys near Nasr City. They have a small red keychain attached — is that yours?',0,'2026-04-29 13:14:35'),(8,2,3,'Yes, that’s definitely mine. Thank you for finding them. I can meet you at the parking lot near the mall to collect them.',0,'2026-04-29 13:14:35'),(9,5,4,'I believe this is the watch you lost. I picked it up from the bench near the park to keep it safe for you.',0,'2026-04-29 13:14:35'),(10,4,5,'That’s amazing, thanks a lot! The strap and design match perfectly. I can come by to pick it up today.',0,'2026-04-29 13:14:35'),(11,7,6,'Hey, I found a pair of sunglasses that looks like yours at the beach today. I kept them safe for you.',0,'2026-04-29 13:14:35'),(12,6,7,'Oh, perfect! Thank you so much. Can I come by your place to pick them up?',0,'2026-04-29 13:14:35'),(13,9,8,'I think I found your wallet near the bus station. It had a blue cover, right?',0,'2026-04-29 13:14:35'),(14,8,9,'Yes! That’s mine. I really appreciate it. Where can we meet to collect it?',0,'2026-04-29 13:14:35'),(15,11,10,'I found a handbag that matches the description from your post. It’s in good condition.',0,'2026-04-29 13:14:35'),(16,10,11,'Amazing, thank you! Can we meet at the cafe near the metro station to get it?',0,'2026-04-29 13:14:35'),(17,13,12,'I picked up a set of keys that might belong to you. They have a green keychain attached.',0,'2026-04-29 13:14:35'),(18,12,13,'Yes! Those are mine. Thank you for keeping them safe. I can come collect them this afternoon.',0,'2026-04-29 13:14:35'),(19,15,14,'I found your lost scarf near the market. It’s red with white stripes, correct?',0,'2026-04-29 13:14:35'),(20,14,15,'Exactly! Thank you so much. I can come by the market entrance to pick it up.',0,'2026-04-29 13:14:35'),(21,17,16,'I think this backpack belongs to you. Found it near the park entrance.',0,'2026-04-29 13:14:35'),(22,16,17,'Yes! That’s definitely mine. Thanks for keeping it safe. When can I pick it up?',0,'2026-04-29 13:14:35'),(23,19,18,'I found a pair of shoes matching your post. They are black with white stripes.',0,'2026-04-29 13:14:35'),(24,18,19,'Perfect! That’s mine. I appreciate it. I can come by the main street to collect them.',0,'2026-04-29 13:14:35'),(25,21,20,'I found your lost umbrella. It’s blue and has a wooden handle, right?',0,'2026-04-29 13:14:35'),(26,20,21,'Yes, exactly! Thank you! I can meet you near the coffee shop to pick it up.',0,'2026-04-29 13:14:35'),(27,23,22,'I picked up a jacket that might be yours. It’s dark green with a hood.',0,'2026-04-29 13:14:35'),(28,22,23,'Yes, that’s mine. Thanks for keeping it safe. I can come by this evening to get it.',0,'2026-04-29 13:14:35'),(29,25,24,'I found your wallet near the metro station entrance. It looks like the one in your post.',0,'2026-04-29 13:14:35'),(30,24,25,'Awesome! That’s mine. Thank you so much! I can pick it up from your place anytime.',0,'2026-04-29 13:14:35');
/*!40000 ALTER TABLE `messages` ENABLE KEYS */;
UNLOCK TABLES;

--
-- Table structure for table `notifications`
--

DROP TABLE IF EXISTS `notifications`;
/*!40101 SET @saved_cs_client     = @@character_set_client */;
/*!50503 SET character_set_client = utf8mb4 */;
CREATE TABLE `notifications` (
  `id` int NOT NULL AUTO_INCREMENT,
  `description` varchar(255) NOT NULL,
  `message` varchar(255) NOT NULL,
  `is_read` tinyint(1) NOT NULL DEFAULT '0',
  `entity` enum('order','item','chat') DEFAULT NULL,
  `entity_id` int DEFAULT NULL,
  `user_id` int NOT NULL,
  `created_at` datetime NOT NULL DEFAULT CURRENT_TIMESTAMP,
  `updated_at` datetime NOT NULL DEFAULT CURRENT_TIMESTAMP ON UPDATE CURRENT_TIMESTAMP,
  PRIMARY KEY (`id`),
  KEY `user_id` (`user_id`),
  CONSTRAINT `notifications_ibfk_1` FOREIGN KEY (`user_id`) REFERENCES `users` (`id`) ON DELETE CASCADE ON UPDATE CASCADE
) ENGINE=InnoDB AUTO_INCREMENT=18 DEFAULT CHARSET=utf8mb4 COLLATE=utf8mb4_0900_ai_ci;
/*!40101 SET character_set_client = @saved_cs_client */;

--
-- Dumping data for table `notifications`
--

LOCK TABLES `notifications` WRITE;
/*!40000 ALTER TABLE `notifications` DISABLE KEYS */;
INSERT INTO `notifications` VALUES (1,'New Message','You have received a new message regarding your lost item.',0,NULL,NULL,1,'2026-04-29 13:14:35','2026-04-29 13:14:35'),(2,'Order Update','Your order has been shipped successfully.',0,NULL,NULL,2,'2026-04-29 13:14:35','2026-04-29 13:14:35'),(3,'Promo Code','A new promo code is available for you!',0,NULL,NULL,3,'2026-04-29 13:14:35','2026-04-29 13:14:35'),(4,'Item Found','Someone found an item similar to the one you lost.',0,NULL,NULL,4,'2026-04-29 13:14:35','2026-04-29 13:14:35'),(5,'Order Delivered','Your order has been delivered.',0,NULL,NULL,5,'2026-04-29 13:14:35','2026-04-29 13:14:35'),(6,'New Message','You have a new reply in your conversation.',0,NULL,NULL,1,'2026-04-29 13:14:35','2026-04-29 13:14:35'),(7,'Item Update','Your item status has been updated.',0,NULL,NULL,2,'2026-04-29 13:14:35','2026-04-29 13:14:35'),(8,'Security Alert','A new login was detected on your account.',0,NULL,NULL,3,'2026-04-29 13:14:35','2026-04-29 13:14:35'),(9,'Reminder','Don’t forget to complete your pending actions.',0,NULL,NULL,4,'2026-04-29 13:14:35','2026-04-29 13:14:35'),(10,'Welcome','Welcome to our platform! We’re glad to have you.',0,NULL,NULL,5,'2026-04-29 13:14:35','2026-04-29 13:14:35'),(11,'Promo Code','Use code SAFE10 for 10% off on secure item recovery.',0,NULL,NULL,8,'2026-04-29 13:14:35','2026-04-29 13:14:35'),(12,'Reminder','You have pending items that need verification.',0,NULL,NULL,6,'2026-04-29 13:14:35','2026-04-29 13:14:35'),(13,'New Message','You have a new reply regarding your lost backpack.',0,NULL,NULL,1,'2026-04-29 13:14:35','2026-04-29 13:14:35'),(14,'Your order has updated go and check it','Order update',0,'order',10,5,'2026-05-05 12:07:24','2026-05-05 12:07:24'),(15,'Your order has updated go and check it','Order update',1,'order',32,59,'2026-05-05 12:08:15','2026-05-05 12:10:44'),(16,'Your order has updated go and check it','Order update',1,'order',31,59,'2026-05-05 12:08:20','2026-05-05 12:10:44'),(17,'Your order has updated go and check it','Order update',1,'order',27,59,'2026-05-06 14:23:21','2026-05-06 14:35:55');
/*!40000 ALTER TABLE `notifications` ENABLE KEYS */;
UNLOCK TABLES;

--
-- Table structure for table `orderitems`
--

DROP TABLE IF EXISTS `orderitems`;
/*!40101 SET @saved_cs_client     = @@character_set_client */;
/*!50503 SET character_set_client = utf8mb4 */;
CREATE TABLE `orderitems` (
  `id` int NOT NULL AUTO_INCREMENT,
  `quantity` int NOT NULL DEFAULT '1',
  `color` varchar(255) DEFAULT NULL,
  `size` varchar(255) DEFAULT NULL,
  `order_id` int NOT NULL,
  `product_id` int NOT NULL,
  `created_at` datetime NOT NULL DEFAULT CURRENT_TIMESTAMP,
  `updated_at` datetime NOT NULL DEFAULT CURRENT_TIMESTAMP ON UPDATE CURRENT_TIMESTAMP,
  PRIMARY KEY (`id`),
  KEY `order_id` (`order_id`),
  KEY `product_id` (`product_id`),
  CONSTRAINT `orderitems_ibfk_1` FOREIGN KEY (`order_id`) REFERENCES `orders` (`id`) ON DELETE CASCADE ON UPDATE CASCADE,
  CONSTRAINT `orderitems_ibfk_2` FOREIGN KEY (`product_id`) REFERENCES `products` (`id`) ON DELETE CASCADE ON UPDATE CASCADE
) ENGINE=InnoDB AUTO_INCREMENT=30 DEFAULT CHARSET=utf8mb4 COLLATE=utf8mb4_0900_ai_ci;
/*!40101 SET character_set_client = @saved_cs_client */;

--
-- Dumping data for table `orderitems`
--

LOCK TABLES `orderitems` WRITE;
/*!40000 ALTER TABLE `orderitems` DISABLE KEYS */;
/*!40000 ALTER TABLE `orderitems` ENABLE KEYS */;
UNLOCK TABLES;

--
-- Table structure for table `orders`
--

DROP TABLE IF EXISTS `orders`;
/*!40101 SET @saved_cs_client     = @@character_set_client */;
/*!50503 SET character_set_client = utf8mb4 */;
CREATE TABLE `orders` (
  `id` int NOT NULL AUTO_INCREMENT,
  `total_price` decimal(10,2) NOT NULL,
  `order_status` enum('processing','shipped','delivered','cancelled') NOT NULL DEFAULT 'processing',
  `payment_type` enum('cash','card') NOT NULL,
  `user_id` int NOT NULL,
  `address_id` int DEFAULT NULL,
  `promocode_id` int DEFAULT NULL,
  `created_at` datetime NOT NULL DEFAULT CURRENT_TIMESTAMP,
  `updated_at` datetime NOT NULL DEFAULT CURRENT_TIMESTAMP ON UPDATE CURRENT_TIMESTAMP,
  PRIMARY KEY (`id`),
  KEY `user_id` (`user_id`),
  KEY `address_id` (`address_id`),
  KEY `promocode_id` (`promocode_id`),
  CONSTRAINT `orders_ibfk_1` FOREIGN KEY (`user_id`) REFERENCES `users` (`id`) ON DELETE CASCADE,
  CONSTRAINT `orders_ibfk_2` FOREIGN KEY (`address_id`) REFERENCES `addresses` (`id`) ON DELETE CASCADE,
  CONSTRAINT `orders_ibfk_3` FOREIGN KEY (`promocode_id`) REFERENCES `promocodes` (`id`) ON DELETE CASCADE ON UPDATE CASCADE
) ENGINE=InnoDB AUTO_INCREMENT=37 DEFAULT CHARSET=utf8mb4 COLLATE=utf8mb4_0900_ai_ci;
/*!40101 SET character_set_client = @saved_cs_client */;

--
-- Dumping data for table `orders`
--

LOCK TABLES `orders` WRITE;
/*!40000 ALTER TABLE `orders` DISABLE KEYS */;
INSERT INTO `orders` VALUES (1,250.00,'processing','cash',1,1,1,'2026-04-29 13:14:35','2026-04-29 13:14:35'),(2,1200.50,'shipped','card',2,2,NULL,'2026-04-29 13:14:35','2026-04-29 13:14:35'),(3,99.99,'cancelled','cash',3,NULL,2,'2026-04-29 13:14:35','2026-04-29 13:14:35'),(4,560.00,'cancelled','cash',4,3,NULL,'2026-04-29 13:14:35','2026-04-29 13:14:35'),(5,780.75,'processing','card',5,4,3,'2026-04-29 13:14:35','2026-04-29 13:14:35'),(6,300.00,'delivered','cash',1,NULL,NULL,'2026-04-29 13:14:35','2026-04-29 13:14:35'),(7,1500.00,'shipped','card',2,2,4,'2026-04-29 13:14:35','2026-04-29 13:14:35'),(8,45.00,'processing','cash',3,NULL,NULL,'2026-04-29 13:14:35','2026-04-29 13:14:35'),(9,999.99,'delivered','cash',4,5,5,'2026-04-29 13:14:35','2026-04-29 13:14:35'),(10,670.40,'delivered','card',5,4,NULL,'2026-04-29 13:14:35','2026-05-05 12:07:24'),(11,35.50,'processing','card',59,61,NULL,'2026-04-29 13:23:36','2026-04-29 13:23:36'),(12,35.50,'processing','card',59,61,NULL,'2026-05-02 21:48:52','2026-05-02 21:48:52'),(13,35.50,'processing','cash',59,61,NULL,'2026-05-02 22:07:07','2026-05-02 22:07:07'),(14,71.00,'processing','card',59,61,NULL,'2026-05-02 22:07:43','2026-05-02 22:07:43'),(15,71.00,'processing','card',59,61,NULL,'2026-05-02 22:09:52','2026-05-02 22:09:52'),(16,71.00,'processing','card',59,61,NULL,'2026-05-02 22:11:01','2026-05-02 22:11:01'),(17,35.50,'processing','card',59,61,NULL,'2026-05-02 22:15:54','2026-05-02 22:15:54'),(18,35.50,'processing','card',59,61,NULL,'2026-05-02 22:18:55','2026-05-02 22:18:55'),(19,35.50,'processing','card',59,61,NULL,'2026-05-02 22:19:03','2026-05-02 22:19:03'),(20,71.00,'processing','card',59,61,NULL,'2026-05-02 22:22:56','2026-05-02 22:22:56'),(21,71.00,'processing','card',59,61,NULL,'2026-05-02 22:23:56','2026-05-02 22:23:56'),(22,71.00,'processing','card',59,61,NULL,'2026-05-02 22:33:09','2026-05-02 22:33:09'),(23,59.99,'processing','card',59,61,NULL,'2026-05-02 22:36:28','2026-05-02 22:36:28'),(24,59.99,'processing','card',59,61,NULL,'2026-05-02 22:38:47','2026-05-02 22:38:47'),(25,199.99,'processing','card',59,61,NULL,'2026-05-02 22:39:48','2026-05-02 22:39:48'),(26,89.99,'processing','card',59,61,NULL,'2026-05-02 22:47:33','2026-05-02 22:47:33'),(27,35.50,'delivered','card',59,61,NULL,'2026-05-02 22:49:04','2026-05-06 14:23:21'),(28,35.50,'processing','card',59,61,NULL,'2026-05-02 23:10:01','2026-05-02 23:10:01'),(29,106.50,'processing','card',59,61,NULL,'2026-05-02 23:13:13','2026-05-02 23:13:13'),(30,35.50,'processing','card',59,61,NULL,'2026-05-02 23:16:48','2026-05-02 23:16:48'),(31,1199.94,'shipped','card',59,61,NULL,'2026-05-02 23:20:11','2026-05-05 12:08:20'),(32,269.97,'shipped','card',59,61,NULL,'2026-05-03 22:37:19','2026-05-05 12:08:15'),(33,35.50,'processing','card',59,61,NULL,'2026-05-06 13:50:25','2026-05-06 13:50:25'),(34,35.50,'processing','card',59,61,NULL,'2026-05-06 13:57:19','2026-05-06 13:57:19'),(35,35.50,'processing','card',59,61,NULL,'2026-05-06 13:59:37','2026-05-06 13:59:37'),(36,35.50,'processing','card',59,61,NULL,'2026-05-06 14:16:15','2026-05-06 14:16:15');
/*!40000 ALTER TABLE `orders` ENABLE KEYS */;
UNLOCK TABLES;

--
-- Table structure for table `productcategories`
--

DROP TABLE IF EXISTS `productcategories`;
/*!40101 SET @saved_cs_client     = @@character_set_client */;
/*!50503 SET character_set_client = utf8mb4 */;
CREATE TABLE `productcategories` (
  `id` int NOT NULL AUTO_INCREMENT,
  `name` varchar(255) NOT NULL,
  `created_at` datetime NOT NULL DEFAULT CURRENT_TIMESTAMP,
  `updated_at` datetime NOT NULL DEFAULT CURRENT_TIMESTAMP ON UPDATE CURRENT_TIMESTAMP,
  PRIMARY KEY (`id`),
  UNIQUE KEY `name` (`name`)
) ENGINE=InnoDB AUTO_INCREMENT=11 DEFAULT CHARSET=utf8mb4 COLLATE=utf8mb4_0900_ai_ci;
/*!40101 SET character_set_client = @saved_cs_client */;

--
-- Dumping data for table `productcategories`
--

LOCK TABLES `productcategories` WRITE;
/*!40000 ALTER TABLE `productcategories` DISABLE KEYS */;
INSERT INTO `productcategories` VALUES (1,'Electronics','2026-04-29 13:14:35','2026-04-29 13:14:35'),(2,'Clothing','2026-04-29 13:14:35','2026-04-29 13:14:35'),(3,'Books','2026-04-29 13:14:35','2026-04-29 13:14:35'),(4,'Home & Kitchen','2026-04-29 13:14:35','2026-04-29 13:14:35'),(5,'Toys & Games','2026-04-29 13:14:35','2026-04-29 13:14:35'),(6,'Sports','2026-04-29 13:14:35','2026-04-29 13:14:35'),(7,'Health & Beauty','2026-04-29 13:14:35','2026-04-29 13:14:35'),(8,'Automotive','2026-04-29 13:14:35','2026-04-29 13:14:35'),(9,'Music & Instruments','2026-04-29 13:14:35','2026-04-29 13:14:35'),(10,'Pet Supplies','2026-04-29 13:14:35','2026-04-29 13:14:35');
/*!40000 ALTER TABLE `productcategories` ENABLE KEYS */;
UNLOCK TABLES;

--
-- Table structure for table `products`
--

DROP TABLE IF EXISTS `products`;
/*!40101 SET @saved_cs_client     = @@character_set_client */;
/*!50503 SET character_set_client = utf8mb4 */;
CREATE TABLE `products` (
  `id` int NOT NULL AUTO_INCREMENT,
  `name` varchar(255) NOT NULL,
  `rate` float DEFAULT '0',
  `status` enum('active','last item','out of stock') NOT NULL DEFAULT 'active',
  `price` float NOT NULL,
  `colors` json DEFAULT NULL,
  `sizes` json DEFAULT NULL,
  `stock` int NOT NULL DEFAULT '0',
  `sale` int NOT NULL DEFAULT '0',
  `description` text,
  `product_category_id` int DEFAULT NULL,
  `brand_id` int DEFAULT NULL,
  `created_at` datetime NOT NULL DEFAULT CURRENT_TIMESTAMP,
  `updated_at` datetime NOT NULL DEFAULT CURRENT_TIMESTAMP ON UPDATE CURRENT_TIMESTAMP,
  PRIMARY KEY (`id`),
  KEY `product_category_id` (`product_category_id`),
  KEY `brand_id` (`brand_id`),
  CONSTRAINT `products_ibfk_1` FOREIGN KEY (`product_category_id`) REFERENCES `productcategories` (`id`) ON DELETE CASCADE ON UPDATE CASCADE,
  CONSTRAINT `products_ibfk_2` FOREIGN KEY (`brand_id`) REFERENCES `brands` (`id`) ON DELETE CASCADE ON UPDATE CASCADE
) ENGINE=InnoDB AUTO_INCREMENT=69 DEFAULT CHARSET=utf8mb4 COLLATE=utf8mb4_0900_ai_ci;
/*!40101 SET character_set_client = @saved_cs_client */;

--
-- Dumping data for table `products`
--

LOCK TABLES `products` WRITE;
/*!40000 ALTER TABLE `products` DISABLE KEYS */;
INSERT INTO `products` VALUES (26,'Epoxy Sticker',0,'active',34,NULL,NULL,24,0,'Experience the future of technology with our innovative smart device, designed to make everyday life faster, easier, and more connected. Featuring a sleek modern design, powerful performance, and user-friendly functionality, this product delivers reliability and efficiency for work, entertainment, and daily use. Built with advanced technology and premium materials, it offers seamless performance and a smarter digital experience.',1,2,'2026-06-15 15:43:03','2026-06-15 15:43:03'),(31,'Epoxy Tag',0,'active',44,NULL,NULL,24,0,'Experience the future of technology with our innovative smart device, designed to make everyday life faster, easier, and more connected. Featuring a sleek modern design, powerful performance, and user-friendly functionality, this product delivers reliability and efficiency for work, entertainment, and daily use. Built with advanced technology and premium materials, it offers seamless performance and a smarter digital experience.',1,2,'2026-06-15 16:01:31','2026-06-15 16:01:31'),(32,'Golf Pack',0,'active',67,NULL,NULL,66,10,'Experience the future of technology with our innovative smart device, designed to make everyday life faster, easier, and more connected. Featuring a sleek modern design, powerful performance, and user-friendly functionality, this product delivers reliability and efficiency for work, entertainment, and daily use. Built with advanced technology and premium materials, it offers seamless performance and a smarter digital experience.',1,3,'2026-06-15 16:06:06','2026-06-21 17:19:39'),(34,'tag',0,'active',33,NULL,NULL,34,0,'Experience the future of technology with our innovative smart device, designed to make everyday life faster, easier, and more connected. Featuring a sleek modern design, powerful performance, and user-friendly functionality, this product delivers reliability and efficiency for work, entertainment, and daily use. Built with advanced technology and premium materials, it offers seamless performance and a smarter digital experience.',1,1,'2026-06-15 22:26:39','2026-06-15 22:26:39'),(45,'Hand Band',0,'active',61,'\"\"',NULL,34,0,'Experience the future of technology with our innovative smart device, designed to make everyday life faster, easier, and more connected. Featuring a sleek modern design, powerful performance, and user-friendly functionality, this product delivers reliability and efficiency for work, entertainment, and daily use. Built with advanced technology and premium materials, it offers seamless performance and a smarter digital experience.',2,5,'2026-06-16 17:42:32','2026-06-16 17:42:32'),(46,'Helmettag',0,'active',199,'\"black\"','\"m\"',19,0,'Experience the future of technology with our innovative smart device, designed to make everyday life faster, easier, and more connected. Featuring a sleek modern design, powerful performance, and user-friendly functionality, this product delivers reliability and efficiency for work, entertainment, and daily use. Built with advanced technology and premium materials, it offers seamless performance and a smarter digital experience.',6,4,'2026-06-16 17:44:47','2026-06-16 17:44:47'),(47,'Kid Band',0,'active',449,'\"green\"','\"s\"',200,0,'Experience the future of technology with our innovative smart device, designed to make everyday life faster, easier, and more connected. Featuring a sleek modern design, powerful performance, and user-friendly functionality, this product delivers reliability and efficiency for work, entertainment, and daily use. Built with advanced technology and premium materials, it offers seamless performance and a smarter digital experience.',1,1,'2026-06-16 17:46:26','2026-06-16 17:46:26'),(48,'Kid Elastic',0,'active',45,'\"\"','\"s\"',40,0,'Experience the future of technology with our innovative smart device, designed to make everyday life faster, easier, and more connected. Featuring a sleek modern design, powerful performance, and user-friendly functionality, this product delivers reliability and efficiency for work, entertainment, and daily use. Built with advanced technology and premium materials, it offers seamless performance and a smarter digital experience.',2,5,'2026-06-16 17:50:51','2026-06-16 17:50:51'),(49,'Luggage lable',5,'active',29,NULL,NULL,29,0,'Experience the future of technology with our innovative smart device, designed to make everyday life faster, easier, and more connected. Featuring a sleek modern design, powerful performance, and user-friendly functionality, this product delivers reliability and efficiency for work, entertainment, and daily use. Built with advanced technology and premium materials, it offers seamless performance and a smarter digital experience.',1,2,'2026-06-16 17:56:16','2026-06-20 15:00:53'),(50,'Luxury tag',0,'active',23,NULL,NULL,14,0,'Experience the future of technology with our innovative smart device, designed to make everyday life faster, easier, and more connected. Featuring a sleek modern design, powerful performance, and user-friendly functionality, this product delivers reliability and efficiency for work, entertainment, and daily use. Built with advanced technology and premium materials, it offers seamless performance and a smarter digital experience.',1,5,'2026-06-16 17:57:36','2026-06-16 17:57:36'),(51,'Noll PVC',0,'active',22,NULL,NULL,32,0,'Experience the future of technology with our innovative smart device, designed to make everyday life faster, easier, and more connected. Featuring a sleek modern design, powerful performance, and user-friendly functionality, this product delivers reliability and efficiency for work, entertainment, and daily use. Built with advanced technology and premium materials, it offers seamless performance and a smarter digital experience.',1,2,'2026-06-17 12:34:35','2026-06-17 12:34:35'),(52,'back bag',0,'active',245,'\"black\"',NULL,13,0,'Experience the future of technology with our innovative smart device, designed to make everyday life faster, easier, and more connected. Featuring a sleek modern design, powerful performance, and user-friendly functionality, this product delivers reliability and efficiency for work, entertainment, and daily use. Built with advanced technology and premium materials, it offers seamless performance and a smarter digital experience.',2,4,'2026-06-17 12:36:54','2026-06-17 12:36:54'),(53,'hand bag female',0,'active',629,NULL,NULL,20,0,'Experience the future of technology with our innovative smart device, designed to make everyday life faster, easier, and more connected. Featuring a sleek modern design, powerful performance, and user-friendly functionality, this product delivers reliability and efficiency for work, entertainment, and daily use. Built with advanced technology and premium materials, it offers seamless performance and a smarter digital experience.',2,2,'2026-06-17 12:38:02','2026-06-17 12:38:02'),(54,'hand bag female',0,'active',120,NULL,NULL,23,0,'Experience the future of technology with our innovative smart device, designed to make everyday life faster, easier, and more connected. Featuring a sleek modern design, powerful performance, and user-friendly functionality, this product delivers reliability and efficiency for work, entertainment, and daily use. Built with advanced technology and premium materials, it offers seamless performance and a smarter digital experience.',2,3,'2026-06-17 12:38:57','2026-06-17 12:38:57'),(55,'hand bag female',0,'active',290,'\"red\"',NULL,32,0,'Experience the future of technology with our innovative smart device, designed to make everyday life faster, easier, and more connected. Featuring a sleek modern design, powerful performance, and user-friendly functionality, this product delivers reliability and efficiency for work, entertainment, and daily use. Built with advanced technology and premium materials, it offers seamless performance and a smarter digital experience.',2,2,'2026-06-17 12:40:09','2026-06-17 12:40:09'),(56,'hand bag male',0,'active',124,'\"black\"',NULL,23,0,'Experience the future of technology with our innovative smart device, designed to make everyday life faster, easier, and more connected. Featuring a sleek modern design, powerful performance, and user-friendly functionality, this product delivers reliability and efficiency for work, entertainment, and daily use. Built with advanced technology and premium materials, it offers seamless performance and a smarter digital experience.',2,1,'2026-06-17 12:41:15','2026-06-17 12:41:15'),(57,'hand bag male',0,'active',146,'\"gray\"',NULL,20,0,'Experience the future of technology with our innovative smart device, designed to make everyday life faster, easier, and more connected. Featuring a sleek modern design, powerful performance, and user-friendly functionality, this product delivers reliability and efficiency for work, entertainment, and daily use. Built with advanced technology and premium materials, it offers seamless performance and a smarter digital experience.',1,2,'2026-06-17 12:41:59','2026-06-17 12:41:59'),(58,'mobile cover',0,'active',34,'[\"green\", \"red\", \"black\"]',NULL,20,0,'Experience the future of technology with our innovative smart device, designed to make everyday life faster, easier, and more connected. Featuring a sleek modern design, powerful performance, and user-friendly functionality, this product delivers reliability and efficiency for work, entertainment, and daily use. Built with advanced technology and premium materials, it offers seamless performance and a smarter digital experience.',1,4,'2026-06-17 12:44:01','2026-06-17 12:44:01'),(59,'wallet',0,'active',118,NULL,NULL,4,0,'Experience the future of technology with our innovative smart device, designed to make everyday life faster, easier, and more connected. Featuring a sleek modern design, powerful performance, and user-friendly functionality, this product delivers reliability and efficiency for work, entertainment, and daily use. Built with advanced technology and premium materials, it offers seamless performance and a smarter digital experience.',2,1,'2026-06-17 12:45:53','2026-06-17 12:45:53'),(60,'wallet',0,'active',117,NULL,NULL,23,0,'Experience the future of technology with our innovative smart device, designed to make everyday life faster, easier, and more connected. Featuring a sleek modern design, powerful performance, and user-friendly functionality, this product delivers reliability and efficiency for work, entertainment, and daily use. Built with advanced technology and premium materials, it offers seamless performance and a smarter digital experience.',2,1,'2026-06-17 12:46:34','2026-06-17 12:46:34'),(61,'wallet',0,'active',112,NULL,NULL,23,0,'Experience the future of technology with our innovative smart device, designed to make everyday life faster, easier, and more connected. Featuring a sleek modern design, powerful performance, and user-friendly functionality, this product delivers reliability and efficiency for work, entertainment, and daily use. Built with advanced technology and premium materials, it offers seamless performance and a smarter digital experience.',2,5,'2026-06-17 12:47:06','2026-06-17 12:47:06'),(62,'wallet',0,'active',50,NULL,NULL,12,0,'Experience the future of technology with our innovative smart device, designed to make everyday life faster, easier, and more connected. Featuring a sleek modern design, powerful performance, and user-friendly functionality, this product delivers reliability and efficiency for work, entertainment, and daily use. Built with advanced technology and premium materials, it offers seamless performance and a smarter digital experience.',2,1,'2026-06-17 12:47:41','2026-06-17 12:47:41'),(63,'watch',0,'active',233,NULL,NULL,21,0,'Experience the future of technology with our innovative smart device, designed to make everyday life faster, easier, and more connected. Featuring a sleek modern design, powerful performance, and user-friendly functionality, this product delivers reliability and efficiency for work, entertainment, and daily use. Built with advanced technology and premium materials, it offers seamless performance and a smarter digital experience.',2,2,'2026-06-17 12:48:28','2026-06-17 12:48:28'),(64,'watch',0,'active',227,NULL,NULL,3,0,'Experience the future of technology with our innovative smart device, designed to make everyday life faster, easier, and more connected. Featuring a sleek modern design, powerful performance, and user-friendly functionality, this product delivers reliability and efficiency for work, entertainment, and daily use. Built with advanced technology and premium materials, it offers seamless performance and a smarter digital experience.',2,1,'2026-06-17 12:50:47','2026-06-17 12:54:13'),(65,'watch',0,'active',449,NULL,NULL,23,0,'Experience the future of technology with our innovative smart device, designed to make everyday life faster, easier, and more connected. Featuring a sleek modern design, powerful performance, and user-friendly functionality, this product delivers reliability and efficiency for work, entertainment, and daily use. Built with advanced technology and premium materials, it offers seamless performance and a smarter digital experience.',2,2,'2026-06-17 12:51:43','2026-06-17 12:51:43'),(66,'Square Stickers',0,'active',20,NULL,NULL,23,0,'Experience the future of technology with our innovative smart device, designed to make everyday life faster, easier, and more connected. Featuring a sleek modern design, powerful performance, and user-friendly functionality, this product delivers reliability and efficiency for work, entertainment, and daily use. Built with advanced technology and premium materials, it offers seamless performance and a smarter digital experience.',1,1,'2026-06-17 12:52:31','2026-06-17 12:52:31'),(67,'Stickers Pack',0,'active',23,NULL,NULL,23,0,'Experience the future of technology with our innovative smart device, designed to make everyday life faster, easier, and more connected. Featuring a sleek modern design, powerful performance, and user-friendly functionality, this product delivers reliability and efficiency for work, entertainment, and daily use. Built with advanced technology and premium materials, it offers seamless performance and a smarter digital experience.',1,1,'2026-06-17 12:53:14','2026-06-17 12:53:14'),(68,'tag',0,'active',23,NULL,NULL,45,0,'Experience the future of technology with our innovative smart device, designed to make everyday life faster, easier, and more connected. Featuring a sleek modern design, powerful performance, and user-friendly functionality, this product delivers reliability and efficiency for work, entertainment, and daily use. Built with advanced technology and premium materials, it offers seamless performance and a smarter digital experience.',1,1,'2026-06-17 12:53:48','2026-06-17 12:53:48');
/*!40000 ALTER TABLE `products` ENABLE KEYS */;
UNLOCK TABLES;

--
-- Table structure for table `promocodes`
--

DROP TABLE IF EXISTS `promocodes`;
/*!40101 SET @saved_cs_client     = @@character_set_client */;
/*!50503 SET character_set_client = utf8mb4 */;
CREATE TABLE `promocodes` (
  `id` int NOT NULL AUTO_INCREMENT,
  `code` varchar(255) NOT NULL,
  `description` varchar(255) DEFAULT NULL,
  `discount` decimal(5,2) NOT NULL,
  `created_at` datetime NOT NULL DEFAULT CURRENT_TIMESTAMP,
  `updated_at` datetime NOT NULL DEFAULT CURRENT_TIMESTAMP ON UPDATE CURRENT_TIMESTAMP,
  PRIMARY KEY (`id`),
  UNIQUE KEY `code` (`code`)
) ENGINE=InnoDB AUTO_INCREMENT=11 DEFAULT CHARSET=utf8mb4 COLLATE=utf8mb4_0900_ai_ci;
/*!40101 SET character_set_client = @saved_cs_client */;

--
-- Dumping data for table `promocodes`
--

LOCK TABLES `promocodes` WRITE;
/*!40000 ALTER TABLE `promocodes` DISABLE KEYS */;
INSERT INTO `promocodes` VALUES (1,'WELCOME10','10% discount for new users',10.00,'2026-04-29 13:14:35','2026-04-29 13:14:35'),(2,'SAVE15','Save 15% on your order',15.00,'2026-04-29 13:14:35','2026-04-29 13:14:35'),(3,'SUMMER20','Summer offer 20% off',20.00,'2026-04-29 13:14:35','2026-04-29 13:14:35'),(4,'WINTER25','Winter sale 25% discount',25.00,'2026-04-29 13:14:35','2026-04-29 13:14:35'),(5,'FLASH5','Flash sale 5% off',5.00,'2026-04-29 13:14:35','2026-04-29 13:14:35'),(6,'BLACKFRIDAY30','Black Friday 30% discount',30.00,'2026-04-29 13:14:35','2026-04-29 13:14:35'),(7,'NEWYEAR20','New Year offer 20% off',20.00,'2026-04-29 13:14:35','2026-04-29 13:14:35'),(8,'VIP50','VIP exclusive 50% discount',50.00,'2026-04-29 13:14:35','2026-04-29 13:14:35'),(9,'STUDENT12','Student discount 12%',12.00,'2026-04-29 13:14:35','2026-04-29 13:14:35'),(10,'FREESHIP','Free shipping equivalent discount',7.50,'2026-04-29 13:14:35','2026-04-29 13:14:35');
/*!40000 ALTER TABLE `promocodes` ENABLE KEYS */;
UNLOCK TABLES;

--
-- Table structure for table `reviews`
--

DROP TABLE IF EXISTS `reviews`;
/*!40101 SET @saved_cs_client     = @@character_set_client */;
/*!50503 SET character_set_client = utf8mb4 */;
CREATE TABLE `reviews` (
  `id` int NOT NULL AUTO_INCREMENT,
  `message` text NOT NULL,
  `rate` int NOT NULL,
  `user_id` int NOT NULL,
  `product_id` int NOT NULL,
  `created_at` datetime NOT NULL DEFAULT CURRENT_TIMESTAMP,
  `updated_at` datetime NOT NULL DEFAULT CURRENT_TIMESTAMP ON UPDATE CURRENT_TIMESTAMP,
  PRIMARY KEY (`id`),
  KEY `user_id` (`user_id`),
  KEY `product_id` (`product_id`),
  CONSTRAINT `reviews_ibfk_1` FOREIGN KEY (`user_id`) REFERENCES `users` (`id`) ON DELETE CASCADE ON UPDATE CASCADE,
  CONSTRAINT `reviews_ibfk_2` FOREIGN KEY (`product_id`) REFERENCES `products` (`id`) ON DELETE CASCADE ON UPDATE CASCADE
) ENGINE=InnoDB AUTO_INCREMENT=12 DEFAULT CHARSET=utf8mb4 COLLATE=utf8mb4_0900_ai_ci;
/*!40101 SET character_set_client = @saved_cs_client */;

--
-- Dumping data for table `reviews`
--

LOCK TABLES `reviews` WRITE;
/*!40000 ALTER TABLE `reviews` DISABLE KEYS */;
INSERT INTO `reviews` VALUES (11,'good',5,59,49,'2026-06-20 15:00:53','2026-06-20 15:00:53');
/*!40000 ALTER TABLE `reviews` ENABLE KEYS */;
UNLOCK TABLES;

--
-- Table structure for table `sequelizemeta`
--

DROP TABLE IF EXISTS `sequelizemeta`;
/*!40101 SET @saved_cs_client     = @@character_set_client */;
/*!50503 SET character_set_client = utf8mb4 */;
CREATE TABLE `sequelizemeta` (
  `name` varchar(255) COLLATE utf8mb3_unicode_ci NOT NULL,
  PRIMARY KEY (`name`),
  UNIQUE KEY `name` (`name`)
) ENGINE=InnoDB DEFAULT CHARSET=utf8mb3 COLLATE=utf8mb3_unicode_ci;
/*!40101 SET character_set_client = @saved_cs_client */;

--
-- Dumping data for table `sequelizemeta`
--

LOCK TABLES `sequelizemeta` WRITE;
/*!40000 ALTER TABLE `sequelizemeta` DISABLE KEYS */;
INSERT INTO `sequelizemeta` VALUES ('20251210195810-create-brand.cjs'),('20251210195810-create-government.cjs'),('20251210195815-create-city.cjs'),('20251210195914-create-product-category.cjs'),('20251210200644-create-product.cjs'),('20251220165336-create-user.cjs'),('20251220181927-create-address.cjs'),('20251220182955-create-promo-code.cjs'),('20251220183055-create-item-category.cjs'),('20251220183252-create-order.cjs'),('20251220184414-create-item.cjs'),('20251220194149-create-notification.cjs'),('20251220194340-create-review.cjs'),('20251220194559-create-cart.cjs'),('20251220195625-create-order-item.cjs'),('20251220201057-create-wishlist.cjs'),('20251220205730-create-user-promo-codes.cjs'),('20260126032054-create-comment.cjs'),('20260302175438-create-chat.cjs'),('20260302175439-create-message.cjs'),('20260424214813-create-images-table.cjs'),('20260623094815-add-location-to-items.cjs');
/*!40000 ALTER TABLE `sequelizemeta` ENABLE KEYS */;
UNLOCK TABLES;

--
-- Table structure for table `userpromocodes`
--

DROP TABLE IF EXISTS `userpromocodes`;
/*!40101 SET @saved_cs_client     = @@character_set_client */;
/*!50503 SET character_set_client = utf8mb4 */;
CREATE TABLE `userpromocodes` (
  `id` int NOT NULL AUTO_INCREMENT,
  `user_id` int NOT NULL,
  `promocode_id` int NOT NULL,
  `created_at` datetime NOT NULL DEFAULT CURRENT_TIMESTAMP,
  `updated_at` datetime NOT NULL DEFAULT CURRENT_TIMESTAMP ON UPDATE CURRENT_TIMESTAMP,
  PRIMARY KEY (`id`),
  KEY `user_id` (`user_id`),
  KEY `promocode_id` (`promocode_id`),
  CONSTRAINT `userpromocodes_ibfk_1` FOREIGN KEY (`user_id`) REFERENCES `users` (`id`) ON DELETE CASCADE ON UPDATE CASCADE,
  CONSTRAINT `userpromocodes_ibfk_2` FOREIGN KEY (`promocode_id`) REFERENCES `promocodes` (`id`) ON DELETE CASCADE ON UPDATE CASCADE
) ENGINE=InnoDB AUTO_INCREMENT=11 DEFAULT CHARSET=utf8mb4 COLLATE=utf8mb4_0900_ai_ci;
/*!40101 SET character_set_client = @saved_cs_client */;

--
-- Dumping data for table `userpromocodes`
--

LOCK TABLES `userpromocodes` WRITE;
/*!40000 ALTER TABLE `userpromocodes` DISABLE KEYS */;
INSERT INTO `userpromocodes` VALUES (1,1,1,'2026-04-29 13:14:35','2026-04-29 13:14:35'),(2,1,2,'2026-04-29 13:14:35','2026-04-29 13:14:35'),(3,2,2,'2026-04-29 13:14:35','2026-04-29 13:14:35'),(4,2,3,'2026-04-29 13:14:35','2026-04-29 13:14:35'),(5,3,1,'2026-04-29 13:14:35','2026-04-29 13:14:35'),(6,3,4,'2026-04-29 13:14:35','2026-04-29 13:14:35'),(7,4,5,'2026-04-29 13:14:35','2026-04-29 13:14:35'),(8,4,3,'2026-04-29 13:14:35','2026-04-29 13:14:35'),(9,5,2,'2026-04-29 13:14:35','2026-04-29 13:14:35'),(10,5,5,'2026-04-29 13:14:35','2026-04-29 13:14:35');
/*!40000 ALTER TABLE `userpromocodes` ENABLE KEYS */;
UNLOCK TABLES;

--
-- Table structure for table `users`
--

DROP TABLE IF EXISTS `users`;
/*!40101 SET @saved_cs_client     = @@character_set_client */;
/*!50503 SET character_set_client = utf8mb4 */;
CREATE TABLE `users` (
  `id` int NOT NULL AUTO_INCREMENT,
  `name` varchar(255) NOT NULL,
  `is_deleted` tinyint(1) DEFAULT '0',
  `dob` date NOT NULL,
  `phone` varchar(255) DEFAULT NULL,
  `show_phone_number` tinyint(1) NOT NULL DEFAULT '1',
  `email` varchar(255) NOT NULL,
  `gender` enum('male','female') NOT NULL,
  `last_login` datetime DEFAULT NULL,
  `password` varchar(255) NOT NULL,
  `is_verified` tinyint(1) DEFAULT '0',
  `role` enum('user','admin') NOT NULL DEFAULT 'user',
  `created_at` datetime NOT NULL DEFAULT CURRENT_TIMESTAMP,
  `updated_at` datetime NOT NULL DEFAULT CURRENT_TIMESTAMP ON UPDATE CURRENT_TIMESTAMP,
  PRIMARY KEY (`id`),
  UNIQUE KEY `email` (`email`)
) ENGINE=InnoDB AUTO_INCREMENT=60 DEFAULT CHARSET=utf8mb4 COLLATE=utf8mb4_0900_ai_ci;
/*!40101 SET character_set_client = @saved_cs_client */;

--
-- Dumping data for table `users`
--

LOCK TABLES `users` WRITE;
/*!40000 ALTER TABLE `users` DISABLE KEYS */;
INSERT INTO `users` VALUES (1,'Alice Johnson',0,'2002-05-14','01011112222',1,'alice@example.com','female',NULL,'password123',1,'user','2026-04-29 13:14:35','2026-04-29 13:14:35'),(2,'Bob Smith',0,'2005-06-24','01022223333',1,'bob@example.com','male',NULL,'password123',0,'admin','2026-04-29 13:14:35','2026-04-29 13:14:35'),(3,'Carol Williams',0,'2014-10-04','01033334444',1,'carol@example.com','female',NULL,'password123',1,'user','2026-04-29 13:14:35','2026-04-29 13:14:35'),(4,'David Brown',0,'2018-01-29','01044445555',1,'david@example.com','male',NULL,'password123',1,'user','2026-04-29 13:14:35','2026-04-29 13:14:35'),(5,'Eve Davis',0,'2003-07-26','01055556666',1,'eve@example.com','female',NULL,'password123',0,'user','2026-04-29 13:14:35','2026-04-29 13:14:35'),(6,'Frank Miller',0,'1998-07-26','01066667777',1,'frank@example.com','male',NULL,'password123',1,'user','2026-04-29 13:14:35','2026-04-29 13:14:35'),(7,'Grace Wilson',0,'1990-07-26','01077778888',1,'grace@example.com','female',NULL,'password123',1,'admin','2026-04-29 13:14:35','2026-04-29 13:14:35'),(8,'Henry Moore',0,'1985-07-26','01088889999',1,'henry@example.com','male',NULL,'password123',0,'admin','2026-04-29 13:14:35','2026-04-29 13:14:35'),(9,'Isabella Taylor',0,'2007-09-06','01099990000',1,'isabella@example.com','female',NULL,'password123',1,'user','2026-04-29 13:14:35','2026-04-29 13:14:35'),(10,'Jack Anderson',0,'2005-01-01','01100001111',1,'jack@example.com','male',NULL,'password123',1,'user','2026-04-29 13:14:35','2026-04-29 13:14:35'),(11,'Ahmed Ali',0,'2005-01-01','01012121212',1,'ahmed.ali@example.com','male',NULL,'password123',1,'user','2026-04-29 13:14:35','2026-04-29 13:14:35'),(12,'Mohamed Hassan',0,'2005-01-01','01023232323',1,'mohamed.hassan@example.com','male',NULL,'password123',0,'admin','2026-04-29 13:14:35','2026-04-29 13:14:35'),(13,'Youssef Ibrahim',0,'2005-01-01','01034343434',1,'youssef.ibrahim@example.com','male',NULL,'password123',1,'user','2026-04-29 13:14:35','2026-04-29 13:14:35'),(14,'Sara Mahmoud',0,'2005-01-01','01045454545',1,'sara.mahmoud@example.com','female',NULL,'password123',0,'user','2026-04-29 13:14:35','2026-04-29 13:14:35'),(15,'Mariam Adel',0,'2005-01-01','01056565656',1,'mariam.adel@example.com','female',NULL,'password123',1,'admin','2026-04-29 13:14:35','2026-04-29 13:14:35'),(16,'Omar Khaled',0,'2017-09-01','01067676767',1,'omar.khaled@example.com','male',NULL,'password123',1,'admin','2026-04-29 13:14:35','2026-04-29 13:14:35'),(17,'Laila Mostafa',0,'2017-09-01','01078787878',1,'laila.mostafa@example.com','female',NULL,'password123',1,'user','2026-04-29 13:14:35','2026-04-29 13:14:35'),(18,'Khaled Nour',0,'2017-09-01','01089898989',1,'khaled.nour@example.com','male',NULL,'password123',1,'user','2026-04-29 13:14:35','2026-04-29 13:14:35'),(19,'Hana Tarek',0,'2017-09-01','01090909090',1,'hana.tarek@example.com','female',NULL,'password123',0,'user','2026-04-29 13:14:35','2026-04-29 13:14:35'),(20,'Tarek Samir',0,'2017-09-01','01111112222',1,'tarek.samir@example.com','male',NULL,'password123',1,'admin','2026-04-29 13:14:35','2026-04-29 13:14:35'),(21,'Farah Yasser',0,'2017-09-01','01122223333',1,'farah.yasser@example.com','female',NULL,'password123',1,'user','2026-04-29 13:14:35','2026-04-29 13:14:35'),(22,'Mostafa Gamal',0,'2017-09-01','01133334444',1,'mostafa.gamal@example.com','male',NULL,'password123',1,'admin','2026-04-29 13:14:35','2026-04-29 13:14:35'),(23,'Nourhan Salah',0,'2017-09-01','01144445555',1,'nourhan.salah@example.com','female',NULL,'password123',0,'user','2026-04-29 13:14:35','2026-04-29 13:14:35'),(24,'Aly Fathy',0,'2017-09-01','01155556666',1,'aly.fathy@example.com','male',NULL,'password123',1,'user','2026-04-29 13:14:35','2026-04-29 13:14:35'),(25,'Rana Ehab',0,'1985-02-21','01166667777',1,'rana.ehab@example.com','female',NULL,'password123',1,'user','2026-04-29 13:14:35','2026-04-29 13:14:35'),(26,'Amr Lotfy',0,'1985-02-21','01177778888',1,'amr.lotfy@example.com','male',NULL,'password123',1,'admin','2026-04-29 13:14:35','2026-04-29 13:14:35'),(27,'Yasmin Reda',0,'1985-02-21','01188889999',1,'yasmin.reda@example.com','female',NULL,'password123',0,'user','2026-04-29 13:14:35','2026-04-29 13:14:35'),(28,'Ibrahim Adel',0,'1985-02-21','01199990000',1,'ibrahim.adel@example.com','male',NULL,'password123',1,'user','2026-04-29 13:14:35','2026-04-29 13:14:35'),(29,'Rita Fares',0,'1985-02-21','01200001111',1,'rita.fares@example.com','female',NULL,'password123',1,'user','2026-04-29 13:14:35','2026-04-29 13:14:35'),(30,'Mahmoud Zaki',0,'1985-02-21','01211112222',1,'mahmoud.zaki@example.com','male',NULL,'password123',1,'user','2026-04-29 13:14:35','2026-04-29 13:14:35'),(31,'Hadia Omar',0,'1985-02-21','01222223333',1,'hadia.omar@example.com','female',NULL,'password123',0,'admin','2026-04-29 13:14:35','2026-04-29 13:14:35'),(32,'Adham Saber',0,'1985-02-21','01233334444',1,'adham.saber@example.com','male',NULL,'password123',1,'user','2026-04-29 13:14:35','2026-04-29 13:14:35'),(33,'Dana Khalil',0,'2012-12-31','01244445555',1,'dana.khalil@example.com','female',NULL,'password123',1,'user','2026-04-29 13:14:35','2026-04-29 13:14:35'),(34,'Karim Saeed',0,'2012-12-31','01255556666',1,'karim.saeed@example.com','male',NULL,'password123',1,'admin','2026-04-29 13:14:35','2026-04-29 13:14:35'),(35,'Hager Nabil',0,'2012-12-31','01266667777',1,'hager.nabil@example.com','female',NULL,'password123',0,'user','2026-04-29 13:14:35','2026-04-29 13:14:35'),(36,'Sameh Adel',0,'2012-12-31','01277778888',1,'sameh.adel@example.com','male',NULL,'password123',1,'user','2026-04-29 13:14:35','2026-04-29 13:14:35'),(37,'Yomna Fadel',0,'2012-12-31','01288889999',1,'yomna.fadel@example.com','female',NULL,'password123',0,'user','2026-04-29 13:14:35','2026-04-29 13:14:35'),(38,'Sherif Magdy',0,'2004-06-10','01299990000',1,'sherif.magdy@example.com','male',NULL,'password123',1,'admin','2026-04-29 13:14:35','2026-04-29 13:14:35'),(39,'Nadine Younes',0,'2004-06-10','01300001111',1,'nadine.younes@example.com','female',NULL,'password123',1,'user','2026-04-29 13:14:35','2026-04-29 13:14:35'),(40,'Bassel Helmy',0,'2004-06-10','01311112222',1,'bassel.helmy@example.com','male',NULL,'password123',1,'user','2026-04-29 13:14:35','2026-04-29 13:14:35'),(41,'Reem Tamer',0,'2004-06-10','01322223333',1,'reem.tamer@example.com','female',NULL,'password123',1,'user','2026-04-29 13:14:35','2026-04-29 13:14:35'),(42,'Ziad Hossam',0,'2004-06-10','01333334444',1,'ziad.hossam@example.com','male',NULL,'password123',1,'admin','2026-04-29 13:14:35','2026-04-29 13:14:35'),(43,'Amina Fathy',0,'2004-06-10','01344445555',1,'amina.fathy@example.com','female',NULL,'password123',0,'user','2026-04-29 13:14:35','2026-04-29 13:14:35'),(44,'Walid Sherif',0,'2004-06-10','01355556666',1,'walid.sherif@example.com','male',NULL,'password123',1,'user','2026-04-29 13:14:35','2026-04-29 13:14:35'),(45,'Lina Rashad',0,'2000-08-07','01366667777',1,'lina.rashad@example.com','female',NULL,'password123',1,'user','2026-04-29 13:14:35','2026-04-29 13:14:35'),(46,'Hamza Eid',0,'2000-08-07','01377778888',1,'hamza.eid@example.com','male',NULL,'password123',0,'admin','2026-04-29 13:14:35','2026-04-29 13:14:35'),(47,'Salma Badawy',0,'2000-08-07','01388889999',1,'salma.badawy@example.com','female',NULL,'password123',1,'user','2026-04-29 13:14:35','2026-04-29 13:14:35'),(48,'Fares Montaser',0,'2000-08-07','01399990000',1,'fares.montaser@example.com','male',NULL,'password123',1,'user','2026-04-29 13:14:35','2026-04-29 13:14:35'),(49,'Jana Mostafa',0,'2000-08-07','01400001111',1,'jana.mostafa@example.com','female',NULL,'password123',0,'user','2026-04-29 13:14:35','2026-04-29 13:14:35'),(50,'Ayman Saber',0,'2000-08-07','01411112222',1,'ayman.saber@example.com','male',NULL,'password123',1,'admin','2026-04-29 13:14:35','2026-04-29 13:14:35'),(51,'Dalia Hassan',0,'2014-05-26','01422223333',1,'dalia.hassan@example.com','female',NULL,'password123',1,'user','2026-04-29 13:14:35','2026-04-29 13:14:35'),(52,'Ashraf Fawzy',0,'2014-05-26','01433334444',1,'ashraf.fawzy@example.com','male',NULL,'password123',1,'user','2026-04-29 13:14:35','2026-04-29 13:14:35'),(53,'Nada Helal',0,'2014-05-26','01444445555',1,'nada.helal@example.com','female',NULL,'password123',0,'admin','2026-04-29 13:14:35','2026-04-29 13:14:35'),(54,'Hussein Adel',0,'2014-05-26','01455556666',1,'hussein.adel@example.com','male',NULL,'password123',1,'user','2026-04-29 13:14:35','2026-04-29 13:14:35'),(55,'Mona Ibrahim',0,'2014-05-26','01466667777',1,'mona.ibrahim@example.com','female',NULL,'password123',1,'user','2026-04-29 13:14:35','2026-04-29 13:14:35'),(56,'Tamer Lotfy',0,'2014-05-26','01477778888',1,'tamer.lotfy@example.com','male',NULL,'password123',1,'admin','2026-04-29 13:14:35','2026-04-29 13:14:35'),(57,'Hala Nasser',0,'2014-05-26','01488889999',1,'hala.nasser@example.com','female',NULL,'password123',0,'user','2026-04-29 13:14:35','2026-04-29 13:14:35'),(58,'Osama Gabr',0,'2005-01-01','01499990000',1,'osama.gabr@example.com','male',NULL,'password123',1,'admin','2026-04-29 13:14:35','2026-04-29 13:14:35'),(59,'Dawood',0,'2004-05-10','+201111111111',1,'dawoodlotfi42@gmail.com','male','2026-06-23 15:53:19','$2b$10$5GYE/.LKyX.R29RNqmzN8eOn00sOm9T6mG.hPz0Vycsgbt3jCtg96',1,'admin','2026-04-29 13:18:34','2026-06-23 15:53:19');
/*!40000 ALTER TABLE `users` ENABLE KEYS */;
UNLOCK TABLES;

--
-- Table structure for table `wishlists`
--

DROP TABLE IF EXISTS `wishlists`;
/*!40101 SET @saved_cs_client     = @@character_set_client */;
/*!50503 SET character_set_client = utf8mb4 */;
CREATE TABLE `wishlists` (
  `id` int NOT NULL AUTO_INCREMENT,
  `product_id` int NOT NULL,
  `user_id` int NOT NULL,
  `created_at` datetime NOT NULL DEFAULT CURRENT_TIMESTAMP,
  `updated_at` datetime NOT NULL DEFAULT CURRENT_TIMESTAMP ON UPDATE CURRENT_TIMESTAMP,
  PRIMARY KEY (`id`),
  KEY `product_id` (`product_id`),
  KEY `user_id` (`user_id`),
  CONSTRAINT `wishlists_ibfk_1` FOREIGN KEY (`product_id`) REFERENCES `products` (`id`) ON DELETE CASCADE ON UPDATE CASCADE,
  CONSTRAINT `wishlists_ibfk_2` FOREIGN KEY (`user_id`) REFERENCES `users` (`id`) ON DELETE CASCADE ON UPDATE CASCADE
) ENGINE=InnoDB AUTO_INCREMENT=31 DEFAULT CHARSET=utf8mb4 COLLATE=utf8mb4_0900_ai_ci;
/*!40101 SET character_set_client = @saved_cs_client */;

--
-- Dumping data for table `wishlists`
--

LOCK TABLES `wishlists` WRITE;
/*!40000 ALTER TABLE `wishlists` DISABLE KEYS */;
/*!40000 ALTER TABLE `wishlists` ENABLE KEYS */;
UNLOCK TABLES;
/*!40103 SET TIME_ZONE=@OLD_TIME_ZONE */;

/*!40101 SET SQL_MODE=@OLD_SQL_MODE */;
/*!40014 SET FOREIGN_KEY_CHECKS=@OLD_FOREIGN_KEY_CHECKS */;
/*!40014 SET UNIQUE_CHECKS=@OLD_UNIQUE_CHECKS */;
/*!40101 SET CHARACTER_SET_CLIENT=@OLD_CHARACTER_SET_CLIENT */;
/*!40101 SET CHARACTER_SET_RESULTS=@OLD_CHARACTER_SET_RESULTS */;
/*!40101 SET COLLATION_CONNECTION=@OLD_COLLATION_CONNECTION */;
/*!40111 SET SQL_NOTES=@OLD_SQL_NOTES */;

-- Dump completed on 2026-06-23 18:57:42
